age,gender,looking_for,hobbies_interest,compatibility_score,num_past_relationships,relationship_stage,age_group
24,Female,Friendship,3,5.0,0,1,18-25
37,Other,Serious,3,2.646102291864086,4,2,36-50
46,Male,Serious,10,2.1848884138192353,5,3,36-50
32,Male,Friendship,5,3.246547933681505,3,2,26-35
28,Male,Casual,7,3.97300199532776,2,3,26-35
25,Male,Friendship,6,3.447880771752388,3,1,18-25
46,Male,Serious,10,2.012757390055728,5,3,36-50
38,Male,Serious,10,2.125924092475462,5,3,36-50
24,Male,Friendship,6,5.0,0,2,18-25
43,Female,Serious,4,2.837321643043434,4,3,36-50
36,Other,Serious,10,3.3403746895836632,3,3,36-50
40,Male,Serious,8,2.7702607359368963,4,2,36-50
28,Female,Serious,10,4.037361276076421,2,3,26-35
28,Female,Friendship,10,3.967927547878787,2,3,26-35
41,Other,Serious,2,2.707489824055875,4,2,36-50
38,Male,Serious,2,2.6257526832861746,4,2,36-50
21,Other,Friendship,3,4.618974688853774,1,1,18-25
25,Male,Friendship,1,4.0613414450486465,2,1,18-25
41,Female,Serious,6,2.891019361106049,4,3,36-50
20,Female,Friendship,4,5.0,0,1,18-25
39,Female,Serious,9,2.8392253726499748,4,2,36-50
38,Female,Serious,10,2.1930415796737184,5,3,36-50
19,Other,Friendship,9,4.634438043749192,1,2,18-25
41,Male,Serious,10,1.5296251138556207,6,3,36-50
29,Male,Casual,10,2.7784328644372507,4,3,26-35
47,Other,Serious,4,2.704609942741756,4,3,36-50
23,Male,Friendship,10,4.498012764494115,1,1,18-25
19,Female,Friendship,5,4.627007531982811,1,1,18-25
49,Male,Serious,4,2.1361798346910685,5,2,36-50
45,Female,Serious,8,2.063648378879309,5,2,36-50
38,Other,Serious,2,2.66058144858256,4,2,36-50
18,Male,Casual,6,5.0,0,1,
29,Other,Serious,8,4.0033281483088015,2,3,26-35
43,Male,Serious,5,2.763813822007435,4,3,36-50
39,Female,Serious,10,2.720281620798908,4,2,36-50
46,Other,Serious,4,1.5292452172361382,6,3,36-50
29,Male,Friendship,10,3.2172305582584833,3,3,26-35
42,Female,Serious,2,2.736473043460353,4,2,36-50
34,Other,Serious,7,2.8386364731866247,4,2,26-35
44,Other,Serious,9,1.516395944028597,6,2,36-50
44,Male,Serious,10,2.7150743757629776,4,3,36-50
48,Male,Serious,10,1.4047149749057868,6,3,36-50
27,Male,Friendship,10,2.737350578767421,4,3,26-35
49,Female,Serious,9,2.60760129588439,4,2,36-50
45,Male,Serious,2,1.5711048284026288,6,2,36-50
45,Other,Serious,6,2.152035014474694,5,2,36-50
33,Other,Casual,4,2.2520025496772,5,2,26-35
32,Male,Casual,4,2.1745341832777165,5,1,26-35
47,Male,Serious,8,1.497028206596665,6,3,36-50
47,Other,Serious,6,2.154869302825074,5,3,36-50
32,Female,Friendship,1,2.2099119067249755,5,2,26-35
47,Male,Serious,8,1.4281891386231151,6,2,36-50
36,Male,Serious,5,2.78632222654113,4,2,36-50
29,Other,Friendship,3,4.074987884593393,2,1,26-35
40,Male,Serious,10,2.6897390886893735,4,3,36-50
37,Female,Serious,7,3.387987528462924,3,2,36-50
49,Other,Serious,9,1.6463988351050733,6,3,36-50
42,Male,Serious,4,2.753541919231587,4,3,36-50
20,Other,Friendship,9,4.615393860206116,1,1,18-25
22,Male,Friendship,2,5.0,0,2,18-25
36,Male,Serious,7,2.0918175358775435,5,3,36-50
24,Male,Friendship,5,4.6002752065395685,1,1,18-25
38,Female,Serious,10,3.411622662192045,3,3,36-50
26,Female,Serious,8,4.081102909853643,2,1,26-35
24,Other,Friendship,7,4.467451572415393,1,1,18-25
35,Male,Casual,10,2.1404652788263907,5,3,26-35
21,Male,Friendship,6,4.4751540419491675,1,2,18-25
42,Female,Serious,9,1.424027648264074,6,3,36-50
45,Male,Serious,10,2.1209691583842463,5,3,36-50
31,Female,Friendship,9,2.112224224186461,5,3,26-35
35,Male,Friendship,4,2.6811302359946563,4,3,26-35
43,Other,Serious,2,1.4890984673418253,6,2,36-50
26,Male,Friendship,5,2.7081235419053837,4,1,26-35
43,Male,Serious,7,2.296651289834028,5,3,36-50
38,Female,Serious,5,2.834887329790184,4,3,36-50
19,Male,Friendship,3,5.0,0,2,18-25
37,Male,Serious,7,2.8617239529460106,4,2,36-50
45,Female,Serious,10,2.1899909979196015,5,3,36-50
32,Other,Friendship,6,2.867178128036573,4,1,26-35
45,Other,Serious,5,2.1025129061390686,5,2,36-50
24,Female,Friendship,1,4.539355659443516,1,2,18-25
29,Female,Friendship,10,2.8688681171924326,4,3,26-35
46,Female,Serious,5,2.0817719407741047,5,3,36-50
25,Female,Friendship,6,3.4746502628736247,3,1,18-25
32,Female,Friendship,3,2.2485499136432807,5,2,26-35
20,Other,Friendship,7,4.694167382272789,1,2,18-25
31,Other,Serious,10,3.297277276104909,3,3,26-35
34,Female,Friendship,10,3.2707259540014353,3,3,26-35
21,Male,Friendship,5,5.0,0,1,18-25
35,Female,Serious,10,2.8863949387966206,4,3,26-35
25,Male,Friendship,10,3.8999219888158825,2,2,18-25
21,Female,Friendship,10,4.5695635459871715,1,1,18-25
19,Female,Friendship,8,4.5211037847759545,1,2,18-25
47,Other,Serious,1,2.7188660433445344,4,2,36-50
23,Male,Friendship,5,4.458013582963717,1,1,18-25
39,Male,Serious,3,2.161123862239277,5,2,36-50
27,Other,Casual,1,2.854821276490162,4,1,26-35
21,Other,Friendship,4,4.414845504066162,1,2,18-25
39,Other,Serious,10,2.2667679780990264,5,3,36-50
46,Other,Serious,5,1.5996418895411901,6,3,36-50
48,Male,Serious,10,1.5850214241724712,6,3,36-50
35,Male,Friendship,2,2.187770069877198,5,1,26-35
43,Female,Serious,10,2.088880950786341,5,3,36-50
29,Female,Serious,10,3.3245433511604867,3,1,26-35
19,Other,Friendship,5,5.0,0,1,18-25
27,Other,Serious,7,2.691914311080887,4,1,26-35
47,Other,Serious,2,1.5410060628718094,6,2,36-50
21,Female,Friendship,9,5.0,0,1,18-25
31,Female,Serious,9,3.420067505880652,3,1,26-35
48,Female,Serious,4,2.1253106530035817,5,2,36-50
33,Female,Serious,4,2.1576076305420813,5,2,26-35
32,Female,Friendship,6,2.6344067953432275,4,1,26-35
25,Female,Friendship,10,4.097514268636231,2,1,18-25
31,Female,Serious,10,2.6907403480954537,4,2,26-35
40,Other,Serious,10,1.5904968984789354,6,2,36-50
45,Other,Serious,9,2.1743709034563397,5,3,36-50
42,Other,Serious,1,2.235527661177497,5,2,36-50
47,Other,Serious,10,2.688151086686588,4,3,36-50
25,Female,Friendship,2,4.026778203499171,2,1,18-25
38,Male,Serious,7,3.3147505192057203,3,3,36-50
33,Female,Friendship,9,3.323348289753905,3,2,26-35
30,Male,Friendship,4,2.801813757946031,4,1,26-35
35,Other,Casual,6,2.8352857315221405,4,3,26-35
32,Female,Serious,7,3.400059990836168,3,2,26-35
38,Other,Serious,6,3.4699638561713457,3,2,36-50
41,Female,Serious,10,1.4855477088530205,6,3,36-50
43,Other,Serious,3,1.6701850196305852,6,2,36-50
42,Male,Serious,7,2.6392590577830135,4,3,36-50
45,Male,Serious,10,2.1978590957089943,5,2,36-50
45,Male,Serious,7,2.764289195414053,4,3,36-50
45,Female,Serious,4,2.148390782124677,5,2,36-50
30,Male,Friendship,4,2.6932736086586537,4,2,26-35
26,Female,Friendship,10,2.7511198235924703,4,1,26-35
46,Male,Serious,8,2.6485320069154112,4,2,36-50
32,Male,Casual,6,3.3107962832635027,3,1,26-35
30,Female,Friendship,5,2.629604275245163,4,3,26-35
18,Female,Serious,10,4.571553979935897,1,1,
42,Male,Serious,7,1.4287303658598884,6,3,36-50
24,Female,Friendship,6,4.44810339317155,1,1,18-25
26,Male,Friendship,5,3.825640040446244,2,1,26-35
41,Female,Serious,8,2.7143931919856232,4,3,36-50
18,Other,Serious,8,5.0,0,1,
29,Other,Casual,10,4.0720689174901485,2,3,26-35
25,Other,Friendship,5,3.221566836380004,3,1,18-25
41,Other,Serious,10,2.7903650422584882,4,2,36-50
48,Other,Serious,9,2.205315627377622,5,3,36-50
28,Male,Casual,4,3.960130982729607,2,1,26-35
36,Other,Serious,10,3.400095458440864,3,3,36-50
34,Other,Friendship,7,2.0701072146329285,5,3,26-35
25,Other,Friendship,1,3.346893263545705,3,2,18-25
20,Other,Friendship,7,4.517262754710749,1,1,18-25
20,Female,Friendship,7,5.0,0,1,18-25
18,Male,Casual,4,5.0,0,2,
44,Other,Serious,5,2.748564557801464,4,3,36-50
22,Other,Friendship,8,5.0,0,1,18-25
27,Other,Friendship,5,3.9421055781210113,2,2,26-35
24,Male,Friendship,10,4.632589405519251,1,2,18-25
43,Female,Serious,7,2.240497328842419,5,2,36-50
26,Male,Friendship,4,3.394857838624811,3,2,26-35
45,Female,Serious,4,1.5403243500200494,6,2,36-50
24,Other,Friendship,8,4.572724891761155,1,1,18-25
26,Other,Serious,8,2.7155046114066854,4,2,26-35
25,Male,Friendship,2,2.6379669028982717,4,2,18-25
29,Male,Casual,2,3.9156861792158275,2,1,26-35
19,Female,Friendship,3,5.0,0,2,18-25
18,Female,Serious,3,5.0,0,1,
33,Male,Casual,1,3.480740292816386,3,1,26-35
40,Female,Serious,6,2.833200033509185,4,3,36-50
40,Male,Serious,8,2.645597768433403,4,3,36-50
47,Female,Serious,8,1.4522546619958787,6,2,36-50
41,Male,Serious,10,1.4301484277719265,6,3,36-50
22,Male,Friendship,6,4.621454518166276,1,2,18-25
20,Male,Friendship,5,5.0,0,1,18-25
29,Female,Serious,4,2.8959088705090643,4,2,26-35
25,Female,Friendship,3,2.7566070252993047,4,1,18-25
39,Female,Serious,4,2.8479244786546647,4,2,36-50
44,Male,Serious,10,2.7729319575928364,4,3,36-50
20,Female,Friendship,1,5.0,0,1,18-25
18,Female,Friendship,7,4.616306311790826,1,1,
20,Male,Friendship,1,5.0,0,2,18-25
22,Other,Friendship,2,5.0,0,1,18-25
32,Male,Casual,6,2.2168911573328924,5,3,26-35
31,Female,Serious,3,2.125896152801303,5,3,26-35
20,Male,Friendship,9,4.4289729742117,1,2,18-25
18,Other,Casual,6,5.0,0,2,
22,Male,Friendship,1,4.543707119482752,1,1,18-25
43,Female,Serious,4,2.7797874746660423,4,3,36-50
40,Other,Serious,8,2.0236547091711876,5,3,36-50
48,Female,Serious,4,2.0860710646736305,5,2,36-50
31,Other,Casual,6,3.296609661792646,3,3,26-35
24,Other,Friendship,6,4.568838660562475,1,1,18-25
44,Male,Serious,7,1.4835447368128372,6,2,36-50
26,Male,Friendship,10,3.8286945798668017,2,3,26-35
32,Female,Friendship,10,2.6494570222839653,4,1,26-35
32,Male,Friendship,7,2.652184340481258,4,3,26-35
43,Male,Serious,9,2.2528084832668283,5,2,36-50
27,Other,Serious,6,2.6852959060934873,4,3,26-35
45,Male,Serious,10,1.6144075201744275,6,2,36-50
30,Other,Friendship,2,3.370351623901792,3,1,26-35
36,Other,Serious,5,2.2931116260849325,5,3,36-50
48,Other,Serious,3,1.481846800664061,6,3,36-50
49,Female,Serious,6,2.04751190615876,5,2,36-50
24,Female,Friendship,6,5.0,0,1,18-25
34,Female,Friendship,1,3.272287898684384,3,1,26-35
37,Other,Serious,5,2.805221265924618,4,3,36-50
46,Female,Serious,7,1.4255774673910586,6,3,36-50
49,Female,Serious,3,2.6734105535448975,4,2,36-50
21,Male,Friendship,10,4.656592510455204,1,1,18-25
47,Female,Serious,5,2.174885884809356,5,3,36-50
22,Female,Friendship,10,4.420856462075959,1,2,18-25
40,Other,Serious,5,2.014304943274929,5,3,36-50
24,Other,Friendship,5,4.41833686259773,1,1,18-25
30,Other,Friendship,8,2.882562515044176,4,3,26-35
32,Other,Casual,6,2.2549614285683166,5,3,26-35
28,Other,Casual,1,4.053482012605632,2,1,26-35
46,Other,Serious,5,2.277265028673064,5,2,36-50
21,Female,Friendship,10,4.551576617075273,1,2,18-25
30,Other,Friendship,5,2.074203401343003,5,1,26-35
49,Other,Serious,6,2.1204044012715553,5,3,36-50
24,Male,Friendship,6,4.615659221865144,1,1,18-25
44,Female,Serious,10,2.8628098614563795,4,3,36-50
36,Female,Serious,6,3.3305272780098574,3,3,36-50
39,Female,Serious,7,2.1606142866146185,5,2,36-50
45,Other,Serious,7,2.879534897982876,4,2,36-50
19,Other,Friendship,2,4.4322495911328295,1,1,18-25
27,Other,Casual,5,2.858689765092237,4,3,26-35
30,Male,Friendship,3,3.247792244675581,3,3,26-35
47,Other,Serious,10,2.145158405087186,5,3,36-50
42,Male,Serious,10,2.065526938598918,5,3,36-50
38,Female,Serious,6,3.3808842892071813,3,3,36-50
23,Other,Friendship,6,5.0,0,1,18-25
45,Male,Serious,9,2.1140022092722255,5,2,36-50
45,Male,Serious,6,2.258991054453537,5,2,36-50
29,Other,Serious,10,3.397943996086418,3,3,26-35
29,Female,Friendship,4,3.416361537488583,3,1,26-35
37,Female,Serious,8,2.0451979214623006,5,2,36-50
47,Female,Serious,10,2.864949703392685,4,3,36-50
47,Male,Serious,7,2.6501120490860055,4,3,36-50
28,Male,Friendship,8,3.866835489262988,2,3,26-35
49,Male,Serious,10,2.038416541549064,5,3,36-50
43,Male,Serious,10,1.532107762390645,6,3,36-50
40,Female,Serious,8,2.866312769525693,4,3,36-50
45,Other,Serious,7,1.4757342558829583,6,2,36-50
42,Male,Serious,5,2.712126026126886,4,3,36-50
24,Male,Friendship,7,5.0,0,1,18-25
47,Female,Serious,10,2.785344583927667,4,3,36-50
18,Other,Serious,10,5.0,0,2,
18,Other,Serious,6,5.0,0,2,
42,Female,Serious,10,2.814946958999773,4,3,36-50
44,Female,Serious,9,1.4682831735925321,6,2,36-50
47,Other,Serious,9,2.2961941946631983,5,3,36-50
42,Male,Serious,9,1.5679658468380215,6,2,36-50
37,Other,Serious,4,3.4086917774129413,3,2,36-50
30,Female,Friendship,10,2.635520475242451,4,3,26-35
26,Male,Casual,4,2.675196794012471,4,2,26-35
20,Male,Friendship,2,4.441922197869307,1,1,18-25
24,Female,Friendship,10,4.517051214581517,1,2,18-25
23,Female,Friendship,9,5.0,0,2,18-25
25,Female,Friendship,5,4.019876677889171,2,1,18-25
44,Other,Serious,4,1.4326126938884458,6,2,36-50
26,Other,Friendship,4,3.4256178105351105,3,3,26-35
47,Male,Serious,1,1.4137114473915766,6,2,36-50
22,Female,Friendship,7,5.0,0,1,18-25
18,Male,Friendship,6,4.637589497589381,1,2,
36,Male,Serious,2,2.2228329923323686,5,2,36-50
27,Male,Friendship,8,2.742897834175659,4,1,26-35
29,Male,Friendship,6,3.8149948145232653,2,3,26-35
41,Female,Serious,10,1.58296812250079,6,3,36-50
32,Male,Casual,10,3.3220172311922296,3,3,26-35
44,Female,Serious,8,1.4949584450593913,6,3,36-50
39,Female,Serious,10,3.3921231910479603,3,2,36-50
49,Other,Serious,10,2.730984368660518,4,2,36-50
49,Female,Serious,8,2.0277263301359536,5,2,36-50
41,Other,Serious,10,2.8747851411537035,4,3,36-50
26,Female,Friendship,5,4.033547929836013,2,2,26-35
37,Female,Serious,10,2.6169134573871657,4,3,36-50
34,Female,Friendship,5,2.7575191610572087,4,2,26-35
47,Other,Serious,2,1.425013268869589,6,2,36-50
34,Other,Serious,5,2.2511869577175454,5,1,26-35
43,Male,Serious,5,2.7839041883155917,4,3,36-50
37,Other,Serious,10,2.0517347400719204,5,3,36-50
29,Other,Serious,10,2.60622240284186,4,2,26-35
47,Other,Serious,5,2.609474303643926,4,2,36-50
24,Other,Friendship,8,5.0,0,2,18-25
19,Male,Friendship,1,5.0,0,2,18-25
20,Other,Friendship,3,5.0,0,2,18-25
34,Female,Serious,3,3.2663852197744876,3,1,26-35
22,Female,Friendship,9,5.0,0,1,18-25
34,Other,Casual,5,3.265423034618346,3,1,26-35
41,Other,Serious,9,2.717400968806148,4,2,36-50
34,Female,Friendship,10,3.367884501729523,3,3,26-35
44,Female,Serious,3,1.6054810244723932,6,3,36-50
34,Male,Casual,2,2.2891325546621686,5,2,26-35
19,Female,Friendship,5,5.0,0,1,18-25
19,Female,Friendship,4,4.571038092448675,1,2,18-25
45,Other,Serious,10,2.8202450169369064,4,3,36-50
39,Female,Serious,10,3.4852616613876286,3,3,36-50
40,Male,Serious,7,1.4250415833624217,6,2,36-50
22,Female,Friendship,6,4.401690427958429,1,1,18-25
49,Other,Serious,7,1.4089399291188753,6,2,36-50
18,Other,Casual,1,4.569004808711889,1,2,
18,Female,Serious,1,5.0,0,2,
36,Other,Serious,8,2.1101224852235103,5,2,36-50
47,Male,Serious,4,1.563571752418286,6,3,36-50
19,Male,Friendship,10,5.0,0,1,18-25
38,Female,Serious,10,2.0284312674776057,5,3,36-50
29,Female,Serious,7,3.8964764792672146,2,2,26-35
43,Female,Serious,6,1.405830546554691,6,2,36-50
49,Other,Serious,3,2.033211706641953,5,3,36-50
23,Male,Friendship,1,5.0,0,2,18-25
49,Male,Serious,2,2.2488240491744955,5,2,36-50
40,Other,Serious,9,1.6405838960135213,6,3,36-50
21,Male,Friendship,6,4.618045592285672,1,2,18-25
40,Female,Serious,2,1.637993853919971,6,2,36-50
28,Female,Friendship,1,3.4012947023808557,3,1,26-35
41,Female,Serious,10,2.2009500016448866,5,3,36-50
44,Male,Serious,7,2.2002085392475426,5,3,36-50
34,Female,Friendship,5,3.3542128369034616,3,2,26-35
48,Other,Serious,2,2.1090041700394533,5,2,36-50
23,Other,Friendship,6,5.0,0,1,18-25
41,Male,Serious,9,1.4895938040760228,6,2,36-50
22,Other,Friendship,2,5.0,0,1,18-25
37,Other,Serious,10,3.3300066860653645,3,2,36-50
19,Male,Friendship,2,4.482986683128111,1,2,18-25
23,Female,Friendship,3,5.0,0,2,18-25
39,Female,Serious,7,2.077625493560546,5,2,36-50
28,Female,Friendship,9,3.892787919116909,2,3,26-35
48,Male,Serious,8,2.6484762505274206,4,2,36-50
33,Other,Serious,8,2.246894187594287,5,1,26-35
33,Female,Serious,6,2.775976820166347,4,1,26-35
18,Female,Friendship,10,5.0,0,1,
26,Male,Casual,6,4.046168423539729,2,3,26-35
45,Female,Serious,5,1.5028758975889642,6,3,36-50
44,Male,Serious,1,1.4580900276140645,6,2,36-50
23,Other,Friendship,7,5.0,0,2,18-25
33,Male,Casual,8,2.219785946438678,5,3,26-35
46,Male,Serious,4,2.7842345463387344,4,2,36-50
20,Male,Friendship,10,5.0,0,2,18-25
37,Male,Serious,4,2.6435196183921272,4,2,36-50
45,Other,Serious,4,1.4362061915485922,6,2,36-50
44,Other,Serious,6,2.188339594310911,5,2,36-50
21,Female,Friendship,8,4.400035593473255,1,1,18-25
36,Other,Serious,10,3.2054958027810634,3,3,36-50
43,Other,Serious,5,2.716865940687829,4,2,36-50
20,Female,Friendship,6,5.0,0,1,18-25
48,Other,Serious,4,2.808511812949221,4,2,36-50
36,Male,Serious,9,2.129035482082307,5,2,36-50
37,Male,Serious,10,2.207322081981371,5,3,36-50
49,Female,Serious,10,2.7563288538740376,4,3,36-50
24,Female,Friendship,10,5.0,0,1,18-25
37,Female,Serious,1,2.64873806415105,4,2,36-50
26,Male,Casual,2,3.380200180311682,3,2,26-35
18,Other,Serious,9,5.0,0,1,
25,Male,Friendship,8,2.6583399033973083,4,1,18-25
49,Female,Serious,3,2.224997129642511,5,2,36-50
24,Other,Friendship,8,5.0,0,1,18-25
35,Other,Friendship,3,3.3145129457280627,3,3,26-35
25,Male,Friendship,10,3.912449170876259,2,2,18-25
18,Female,Serious,4,5.0,0,2,
28,Male,Friendship,3,3.329211599509522,3,1,26-35
45,Other,Serious,8,1.5420037642782858,6,3,36-50
42,Male,Serious,10,2.2232665018427924,5,3,36-50
42,Male,Serious,7,2.229520572313111,5,3,36-50
35,Female,Friendship,9,2.047566790487499,5,3,26-35
40,Female,Serious,9,1.57783168979826,6,2,36-50
48,Other,Serious,2,2.268859339483819,5,2,36-50
47,Male,Serious,5,1.4326359826653685,6,3,36-50
27,Male,Casual,5,3.3418742133602417,3,1,26-35
20,Male,Friendship,3,4.625105936722504,1,1,18-25
24,Other,Friendship,8,5.0,0,1,18-25
45,Other,Serious,10,2.0301756969789873,5,2,36-50
33,Female,Friendship,10,3.3189818376052918,3,3,26-35
43,Female,Serious,10,1.5521718494650596,6,3,36-50
33,Female,Friendship,9,3.498753680514882,3,2,26-35
42,Male,Serious,7,1.4535823727970962,6,3,36-50
37,Male,Serious,8,2.8947271301480337,4,3,36-50
45,Female,Serious,5,1.5128449352688336,6,2,36-50
34,Male,Friendship,10,2.0600961458221465,5,3,26-35
19,Female,Friendship,7,5.0,0,2,18-25
18,Other,Serious,9,4.584198537210446,1,2,
33,Female,Friendship,10,2.664049218173299,4,3,26-35
47,Other,Serious,5,1.4874317249906386,6,3,36-50
29,Male,Friendship,10,3.456363950520587,3,2,26-35
22,Female,Friendship,4,5.0,0,2,18-25
22,Male,Friendship,6,5.0,0,1,18-25
49,Other,Serious,4,1.4446570411849824,6,3,36-50
44,Other,Serious,7,1.6379512459982128,6,2,36-50
40,Other,Serious,5,2.1801367061825436,5,3,36-50
26,Male,Casual,3,2.6301203430126803,4,1,26-35
26,Male,Casual,2,3.4840314444308067,3,1,26-35
20,Male,Friendship,8,4.423414858519968,1,1,18-25
36,Male,Serious,6,3.3876069204900925,3,2,36-50
33,Other,Casual,1,2.1271811767680746,5,2,26-35
33,Other,Casual,1,3.366987175471981,3,1,26-35
20,Female,Friendship,7,5.0,0,2,18-25
37,Female,Serious,10,3.406433119775196,3,3,36-50
41,Male,Serious,5,1.6879159067400022,6,2,36-50
39,Other,Serious,7,2.1375277622134745,5,3,36-50
41,Other,Serious,7,2.1568874832704683,5,3,36-50
18,Other,Friendship,6,4.4719435011706645,1,1,
41,Female,Serious,9,1.6675603951253246,6,3,36-50
37,Female,Serious,5,2.8913523215419876,4,3,36-50
28,Other,Serious,9,3.4358890655258163,3,2,26-35
34,Other,Serious,7,3.3628320506479414,3,2,26-35
25,Other,Friendship,1,3.487039047352589,3,1,18-25
21,Female,Friendship,7,5.0,0,1,18-25
23,Other,Friendship,5,5.0,0,2,18-25
25,Other,Friendship,5,2.761281712017924,4,2,18-25
37,Male,Serious,4,3.3475749259257133,3,3,36-50
47,Male,Serious,4,2.240725486153611,5,2,36-50
20,Female,Friendship,6,4.6011208673049095,1,1,18-25
33,Other,Serious,10,2.6379975397754785,4,2,26-35
47,Other,Serious,7,2.103935392202918,5,2,36-50
42,Male,Serious,8,2.101723054516066,5,3,36-50
20,Female,Friendship,9,4.569689657837879,1,1,18-25
42,Male,Serious,5,2.6874375252973692,4,3,36-50
46,Male,Serious,4,1.4351815308661735,6,3,36-50
35,Male,Friendship,4,2.7961047996971407,4,1,26-35
49,Male,Serious,9,1.655311081560507,6,2,36-50
31,Other,Serious,4,3.4794824286397774,3,1,26-35
35,Other,Casual,2,2.2917735252978426,5,2,26-35
19,Male,Friendship,10,4.634335053862705,1,1,18-25
39,Female,Serious,5,3.241910728487571,3,2,36-50
20,Female,Friendship,3,4.655933547271018,1,1,18-25
33,Female,Friendship,9,2.1199880220147422,5,1,26-35
46,Female,Serious,7,1.6189733941377094,6,3,36-50
26,Male,Friendship,9,3.359380401488251,3,3,26-35
21,Other,Friendship,2,4.648581840094636,1,1,18-25
18,Female,Friendship,6,5.0,0,2,
21,Male,Friendship,3,4.4185381432220066,1,1,18-25
18,Female,Friendship,9,5.0,0,1,
31,Female,Friendship,4,2.651387166400302,4,3,26-35
38,Male,Serious,9,3.489655289705877,3,2,36-50
33,Other,Casual,5,2.1580889197476476,5,2,26-35
37,Other,Serious,10,2.766067638151178,4,3,36-50
41,Male,Serious,5,1.6721797138444456,6,3,36-50
49,Other,Serious,9,1.5873755735453527,6,3,36-50
25,Male,Friendship,3,2.690818813156912,4,1,18-25
24,Male,Friendship,10,4.488828385074012,1,2,18-25
20,Male,Friendship,5,5.0,0,2,18-25
34,Other,Serious,8,2.2599824686787477,5,2,26-35
49,Male,Serious,10,2.2384188022208837,5,2,36-50
18,Female,Serious,1,4.688822175817053,1,1,
33,Other,Serious,5,3.2215658368556612,3,1,26-35
29,Other,Casual,3,3.8804978206893015,2,1,26-35
44,Other,Serious,6,2.024062312344118,5,3,36-50
36,Other,Serious,5,2.825323758170731,4,3,36-50
39,Female,Serious,10,3.2422501067451153,3,3,36-50
40,Other,Serious,3,1.4299658953992824,6,2,36-50
39,Other,Serious,2,3.3685016621298676,3,2,36-50
31,Male,Friendship,10,2.1234454136357477,5,1,26-35
47,Other,Serious,9,2.21453040162874,5,2,36-50
23,Female,Friendship,7,5.0,0,2,18-25
23,Female,Friendship,6,5.0,0,2,18-25
30,Female,Friendship,1,2.1276501346240915,5,1,26-35
36,Female,Serious,8,3.4615629141196567,3,3,36-50
39,Other,Serious,3,2.11856769521674,5,2,36-50
25,Other,Friendship,1,3.9000191383308898,2,2,18-25
44,Female,Serious,6,2.701560523106819,4,3,36-50
44,Female,Serious,2,2.658980239044467,4,2,36-50
19,Other,Friendship,2,4.658206655172197,1,2,18-25
38,Female,Serious,6,3.2439892445082745,3,3,36-50
47,Male,Serious,8,2.2725832213398816,5,2,36-50
18,Female,Friendship,8,4.485040316573302,1,2,
45,Female,Serious,10,2.869828046652154,4,3,36-50
32,Male,Casual,6,2.837246197044373,4,1,26-35
49,Male,Serious,9,2.1745962562851076,5,2,36-50
18,Other,Casual,4,4.6008410011755805,1,2,
22,Other,Friendship,1,5.0,0,1,18-25
45,Male,Serious,8,2.1722685842982985,5,2,36-50
46,Male,Serious,7,1.4877208702180096,6,2,36-50
33,Other,Serious,7,2.1206818441671387,5,1,26-35
36,Female,Serious,5,2.8293987665687736,4,3,36-50
21,Male,Friendship,4,5.0,0,2,18-25
20,Other,Friendship,10,4.651653804751262,1,2,18-25
49,Female,Serious,9,2.7127648560994992,4,2,36-50
34,Male,Friendship,8,3.3596509882568544,3,3,26-35
49,Female,Serious,5,1.6825881462688623,6,2,36-50
34,Other,Friendship,3,2.8043766890560624,4,2,26-35
29,Male,Casual,9,3.993681233853388,2,1,26-35
45,Female,Serious,5,2.2134823182815087,5,2,36-50
47,Male,Serious,5,1.675433401628169,6,2,36-50
46,Female,Serious,7,2.674554112766453,4,3,36-50
31,Other,Friendship,4,2.7839723617398016,4,2,26-35
38,Other,Serious,1,2.720118156315096,4,2,36-50
23,Male,Friendship,7,5.0,0,1,18-25
20,Female,Friendship,9,4.437590268921833,1,1,18-25
45,Male,Serious,6,2.0974975685790764,5,3,36-50
26,Male,Friendship,2,2.7694999913545746,4,1,26-35
22,Female,Friendship,3,5.0,0,1,18-25
41,Female,Serious,4,2.2373342354604318,5,3,36-50
46,Female,Serious,8,2.1660001017268313,5,3,36-50
34,Other,Friendship,7,3.2221611253722404,3,1,26-35
31,Male,Casual,2,2.0857718871184936,5,1,26-35
38,Male,Serious,10,3.3100125943676733,3,3,36-50
48,Other,Serious,6,2.186515155561153,5,2,36-50
20,Female,Friendship,4,4.419477086893953,1,1,18-25
45,Other,Serious,8,2.159058066350142,5,3,36-50
18,Other,Serious,8,4.670439372843412,1,2,
37,Other,Serious,5,2.2116298087092208,5,3,36-50
48,Male,Serious,6,2.239123041968827,5,3,36-50
46,Other,Serious,7,1.6045026945077223,6,3,36-50
38,Male,Serious,1,2.6619767336517777,4,2,36-50
49,Male,Serious,9,2.633145146019806,4,2,36-50
40,Male,Serious,10,2.248847201901473,5,3,36-50
18,Female,Serious,8,5.0,0,2,
49,Male,Serious,10,2.1725184676449105,5,3,36-50
20,Male,Friendship,6,4.456784859490474,1,2,18-25
49,Female,Serious,9,2.181003489593526,5,3,36-50
35,Male,Friendship,8,2.609396535566648,4,3,26-35
42,Other,Serious,9,2.0356517403181877,5,2,36-50
27,Other,Casual,3,2.6935670449413274,4,2,26-35
48,Male,Serious,3,2.1331214832233494,5,2,36-50
39,Female,Serious,3,2.0361693487466,5,2,36-50
43,Other,Serious,10,2.0359820551572607,5,2,36-50
20,Female,Friendship,3,4.617768098175091,1,2,18-25
25,Female,Friendship,9,3.370915821960046,3,1,18-25
31,Other,Casual,4,3.3601225942332995,3,2,26-35
41,Female,Serious,7,1.5357303485352654,6,2,36-50
35,Other,Serious,9,2.2929629319033693,5,2,26-35
49,Female,Serious,10,2.014940084868313,5,3,36-50
32,Other,Serious,9,2.0541881528484733,5,1,26-35
39,Male,Serious,3,2.7942523272203714,4,2,36-50
40,Other,Serious,4,1.4409096961553727,6,2,36-50
19,Other,Friendship,8,4.576814281402752,1,2,18-25
48,Other,Serious,8,1.5703283676443243,6,3,36-50
44,Other,Serious,5,2.891301555091893,4,2,36-50
27,Female,Serious,7,3.4650159461147068,3,3,26-35
19,Male,Friendship,8,4.683666003130236,1,2,18-25
43,Other,Serious,1,2.034080710842194,5,2,36-50
34,Female,Friendship,10,3.4604445311762566,3,3,26-35
25,Male,Friendship,1,3.238727198518492,3,1,18-25
18,Male,Casual,8,4.589879653563197,1,2,
26,Male,Friendship,4,4.0160234482034,2,2,26-35
28,Male,Casual,9,2.648256049444786,4,1,26-35
39,Other,Serious,5,2.789797812778862,4,2,36-50
33,Other,Friendship,3,2.015738147873598,5,1,26-35
24,Female,Friendship,9,4.487979825722849,1,2,18-25
46,Female,Serious,10,2.276347548180235,5,3,36-50
27,Female,Friendship,7,3.251519348870561,3,3,26-35
40,Male,Serious,4,2.619580997735098,4,2,36-50
43,Male,Serious,10,2.733103459896638,4,3,36-50
20,Other,Friendship,2,4.655185462558181,1,2,18-25
35,Male,Casual,9,2.023001714590487,5,1,26-35
42,Male,Serious,8,2.7066606095691226,4,3,36-50
41,Male,Serious,9,2.869932450367798,4,2,36-50
30,Female,Friendship,8,2.6354466649833364,4,2,26-35
45,Female,Serious,7,2.093200551773584,5,2,36-50
43,Other,Serious,1,2.233526183460711,5,2,36-50
24,Male,Friendship,3,4.562963296141642,1,2,18-25
42,Male,Serious,2,2.849699942190075,4,2,36-50
21,Other,Friendship,5,5.0,0,1,18-25
30,Male,Friendship,5,3.476166251413917,3,1,26-35
37,Male,Serious,8,2.2804735383545625,5,3,36-50
18,Female,Friendship,4,5.0,0,1,
25,Other,Friendship,5,3.8101626393220247,2,1,18-25
49,Other,Serious,3,2.296952414586671,5,2,36-50
31,Other,Friendship,1,3.3446754776907275,3,1,26-35
33,Other,Serious,7,3.3716226212106295,3,3,26-35
31,Female,Friendship,9,3.3847714200999732,3,2,26-35
29,Female,Friendship,9,3.436900538834151,3,2,26-35
36,Male,Serious,6,3.4435963907137754,3,3,36-50
40,Male,Serious,5,2.6581775672959322,4,3,36-50
32,Male,Casual,1,2.070991022190058,5,1,26-35
45,Male,Serious,4,1.663049908683912,6,3,36-50
19,Female,Friendship,8,5.0,0,1,18-25
19,Other,Friendship,1,5.0,0,1,18-25
49,Female,Serious,10,2.298409747737455,5,3,36-50
40,Male,Serious,10,1.6205551830653975,6,3,36-50
48,Female,Serious,8,2.6647510304390747,4,2,36-50
39,Other,Serious,8,2.2539932192998036,5,3,36-50
36,Other,Serious,10,2.724419790911042,4,3,36-50
42,Female,Serious,3,1.4108457981623872,6,2,36-50
43,Female,Serious,10,1.4964263833435016,6,2,36-50
48,Female,Serious,7,2.229065370217816,5,3,36-50
47,Male,Serious,8,2.288061862155942,5,3,36-50
46,Female,Serious,8,2.082840924890958,5,2,36-50
39,Female,Serious,8,2.673954897322915,4,3,36-50
43,Female,Serious,3,2.16908497567949,5,2,36-50
43,Other,Serious,6,2.243505169898734,5,2,36-50
39,Other,Serious,7,3.4239577046482843,3,3,36-50
34,Male,Friendship,9,2.167987670768845,5,1,26-35
37,Male,Serious,3,2.1894169044843435,5,2,36-50
27,Other,Casual,4,3.2726296871979033,3,1,26-35
23,Other,Friendship,7,5.0,0,2,18-25
32,Other,Friendship,9,3.27660968795609,3,3,26-35
39,Female,Serious,7,3.4653253924533916,3,3,36-50
28,Female,Serious,8,3.233766352209655,3,3,26-35
45,Other,Serious,5,2.8039221673569115,4,3,36-50
22,Female,Friendship,6,5.0,0,2,18-25
18,Female,Serious,2,5.0,0,1,
25,Male,Friendship,8,3.28982383407399,3,1,18-25
38,Other,Serious,4,2.6969735951178415,4,3,36-50
45,Other,Serious,7,2.0781179040833067,5,2,36-50
29,Female,Serious,9,2.825837876358632,4,1,26-35
29,Other,Friendship,1,2.7097147571537143,4,2,26-35
22,Male,Friendship,8,4.6179071053142255,1,1,18-25
24,Male,Friendship,7,5.0,0,2,18-25
21,Male,Friendship,6,5.0,0,1,18-25
23,Other,Friendship,6,4.562986242714047,1,2,18-25
30,Other,Serious,9,3.4927556238030766,3,3,26-35
49,Other,Serious,10,1.5101187367132858,6,3,36-50
37,Other,Serious,2,2.6623052286192794,4,2,36-50
47,Other,Serious,4,1.673537582109981,6,3,36-50
32,Male,Casual,9,2.052451786794672,5,3,26-35
20,Female,Friendship,10,5.0,0,2,18-25
40,Male,Serious,10,2.645064468640078,4,3,36-50
25,Other,Friendship,3,2.797617300268222,4,2,18-25
37,Male,Serious,10,3.245162243979361,3,2,36-50
33,Other,Casual,1,2.876925745771829,4,2,26-35
30,Other,Serious,10,2.7695024847958494,4,3,26-35
35,Male,Casual,4,2.0987821517420264,5,3,26-35
45,Other,Serious,5,2.6420968324890786,4,3,36-50
27,Female,Serious,8,3.3113576708437984,3,2,26-35
47,Other,Serious,6,2.8115060104606435,4,3,36-50
36,Female,Serious,4,3.3154852651785642,3,2,36-50
34,Female,Serious,8,2.0738282408286333,5,1,26-35
41,Other,Serious,1,1.5732228344881456,6,2,36-50
48,Male,Serious,6,2.725346555851136,4,2,36-50
36,Female,Serious,3,3.2497418708090877,3,3,36-50
45,Male,Serious,1,1.4461963970832374,6,2,36-50
43,Female,Serious,8,2.8122385970665564,4,2,36-50
40,Other,Serious,6,1.6924015686548772,6,3,36-50
43,Other,Serious,1,2.669928221258617,4,2,36-50
22,Female,Friendship,10,4.631944580249447,1,2,18-25
43,Other,Serious,9,2.6262820107351397,4,3,36-50
38,Female,Serious,7,2.1144727757156545,5,3,36-50
47,Other,Serious,5,2.7520064458424773,4,2,36-50
40,Male,Serious,3,2.0806240835869305,5,3,36-50
48,Other,Serious,10,2.158873524954275,5,2,36-50
26,Male,Casual,6,4.064784328299156,2,1,26-35
29,Other,Serious,9,3.4833313887064983,3,1,26-35
38,Male,Serious,9,3.230167086311915,3,2,36-50
18,Other,Serious,8,5.0,0,1,
43,Male,Serious,5,2.2937401752553175,5,2,36-50
43,Female,Serious,1,2.681125523120673,4,2,36-50
18,Female,Serious,9,4.607812205343032,1,2,
32,Male,Casual,4,3.27603610816111,3,3,26-35
19,Other,Friendship,8,5.0,0,2,18-25
49,Male,Serious,8,2.0573836963690693,5,3,36-50
47,Other,Serious,5,1.656890058109144,6,3,36-50
39,Female,Serious,7,3.4647946291458513,3,2,36-50
33,Other,Serious,7,3.28907375237463,3,1,26-35
42,Female,Serious,9,2.847076947251189,4,2,36-50
25,Other,Friendship,7,3.907472495011095,2,1,18-25
30,Other,Casual,3,3.2297058268685475,3,1,26-35
38,Other,Serious,4,3.427422919187622,3,3,36-50
18,Male,Casual,8,4.578933874669654,1,2,
33,Male,Friendship,3,2.0823147331012253,5,2,26-35
46,Female,Serious,8,2.675899922153554,4,2,36-50
24,Female,Friendship,8,5.0,0,2,18-25
49,Male,Serious,7,2.2587503122679276,5,3,36-50
48,Female,Serious,1,1.6429394988121298,6,2,36-50
22,Male,Friendship,10,5.0,0,2,18-25
39,Other,Serious,9,3.4265561822744783,3,3,36-50
46,Female,Serious,10,1.4643620663609864,6,3,36-50
40,Female,Serious,7,1.6932166829624726,6,3,36-50
20,Male,Friendship,8,5.0,0,1,18-25
29,Female,Friendship,10,3.3056415450680734,3,3,26-35
43,Female,Serious,7,1.528594352233615,6,2,36-50
33,Other,Casual,9,2.2472608734686763,5,3,26-35
36,Female,Serious,1,2.229866845401214,5,2,36-50
22,Other,Friendship,4,5.0,0,2,18-25
39,Male,Serious,2,2.7696680880374123,4,2,36-50
42,Female,Serious,2,2.850678549082319,4,2,36-50
46,Other,Serious,2,2.0054598776453156,5,2,36-50
31,Male,Friendship,4,2.840653429857342,4,1,26-35
45,Female,Serious,4,2.2840688076026128,5,3,36-50
22,Male,Friendship,4,5.0,0,2,18-25
32,Female,Friendship,4,2.6136742961234547,4,3,26-35
34,Male,Casual,5,3.3033542016698063,3,2,26-35
47,Male,Serious,5,2.0263308691303026,5,3,36-50
31,Other,Serious,8,3.3437828240881666,3,2,26-35
47,Male,Serious,7,2.2186132055269336,5,3,36-50
37,Female,Serious,3,2.7700697705095454,4,3,36-50
22,Female,Friendship,1,4.458929572721822,1,1,18-25
29,Other,Serious,10,3.996443390009107,2,1,26-35
33,Female,Serious,3,2.805456343753675,4,1,26-35
43,Female,Serious,10,2.2797337867055045,5,3,36-50
43,Female,Serious,10,2.6440390692131146,4,3,36-50
33,Male,Casual,5,2.807700849472917,4,3,26-35
38,Male,Serious,10,2.273428165655944,5,3,36-50
24,Female,Friendship,10,4.55046924599619,1,1,18-25
21,Other,Friendship,2,5.0,0,2,18-25
18,Male,Friendship,3,4.451224848266348,1,2,
47,Other,Serious,10,2.8600360659469275,4,2,36-50
47,Female,Serious,4,2.7182739124521786,4,3,36-50
22,Female,Friendship,3,5.0,0,1,18-25
40,Male,Serious,6,2.8543274894392328,4,2,36-50
43,Female,Serious,10,2.7129919555391586,4,3,36-50
27,Male,Casual,9,3.972174292683879,2,2,26-35
39,Female,Serious,10,2.0081522108881766,5,3,36-50
22,Female,Friendship,3,4.478966420860141,1,2,18-25
21,Male,Friendship,4,5.0,0,1,18-25
19,Male,Friendship,6,5.0,0,2,18-25
37,Male,Serious,5,3.3060108378625257,3,2,36-50
48,Female,Serious,5,1.6425824095728374,6,3,36-50
27,Female,Serious,8,3.2707508155699614,3,3,26-35
43,Other,Serious,3,2.1383811599456815,5,2,36-50
36,Male,Serious,10,2.74175919059327,4,3,36-50
43,Female,Serious,2,2.7022450306610053,4,2,36-50
49,Female,Serious,4,2.88639983033755,4,3,36-50
18,Male,Friendship,9,5.0,0,1,
41,Other,Serious,3,2.1617598005981904,5,2,36-50
22,Male,Friendship,1,5.0,0,2,18-25
30,Other,Friendship,7,2.647788827741329,4,2,26-35
21,Female,Friendship,10,4.51165606912043,1,1,18-25
33,Other,Casual,5,3.4018319944187323,3,2,26-35
41,Female,Serious,5,2.8773710659060203,4,2,36-50
33,Male,Casual,1,2.2449392178175516,5,1,26-35
40,Male,Serious,10,2.090116941187991,5,3,36-50
19,Male,Friendship,7,4.530186987706981,1,1,18-25
34,Other,Serious,10,2.0248752562138383,5,3,26-35
45,Female,Serious,10,1.4306516969106746,6,3,36-50
49,Male,Serious,6,2.741069116099615,4,2,36-50
49,Male,Serious,7,1.5590658220451303,6,3,36-50
44,Female,Serious,6,1.4792081287090746,6,2,36-50
37,Male,Serious,4,3.3928348067557828,3,3,36-50
41,Female,Serious,4,1.6110142056740417,6,2,36-50
29,Female,Serious,3,3.8897348394835873,2,1,26-35
35,Female,Serious,7,3.4275274177122625,3,1,26-35
20,Female,Friendship,9,4.461681475711741,1,1,18-25
45,Female,Serious,7,2.7632754131826722,4,3,36-50
18,Other,Casual,6,5.0,0,1,
18,Male,Friendship,10,4.561102725704767,1,1,
46,Other,Serious,2,2.8723888155563153,4,2,36-50
36,Male,Serious,5,2.617550369862391,4,3,36-50
28,Other,Friendship,3,3.3764941536474415,3,1,26-35
22,Female,Friendship,9,5.0,0,2,18-25
29,Male,Friendship,7,3.3981059985628055,3,1,26-35
20,Male,Friendship,8,5.0,0,2,18-25
18,Other,Serious,10,5.0,0,1,
18,Other,Serious,9,4.637084820611853,1,2,
25,Male,Friendship,6,3.8866450177152863,2,2,18-25
27,Other,Serious,4,3.9162492135706892,2,1,26-35
28,Other,Casual,1,2.788033092213869,4,1,26-35
29,Other,Serious,8,3.366038441577481,3,1,26-35
46,Female,Serious,7,1.6883311624911612,6,2,36-50
30,Female,Serious,2,2.056050349980326,5,2,26-35
29,Other,Serious,8,3.905383511735342,2,2,26-35
48,Other,Serious,5,2.7718265699854565,4,2,36-50
31,Female,Friendship,10,3.460389130980846,3,3,26-35
19,Female,Friendship,4,5.0,0,2,18-25
46,Male,Serious,7,2.1008108992482795,5,3,36-50
36,Male,Serious,10,2.0201325384579056,5,3,36-50
35,Female,Friendship,3,2.7264859093766556,4,3,26-35
20,Other,Friendship,1,4.5183032429700525,1,2,18-25
40,Other,Serious,4,2.2959461203789067,5,2,36-50
34,Other,Casual,3,2.729318373287237,4,1,26-35
43,Other,Serious,10,2.0917168997909688,5,2,36-50
25,Male,Friendship,2,3.3096132123604804,3,2,18-25
46,Female,Serious,3,2.7190778841871444,4,2,36-50
43,Other,Serious,1,2.846462114658985,4,2,36-50
27,Male,Casual,1,2.624304467849379,4,1,26-35
43,Other,Serious,8,1.4949521146625084,6,3,36-50
47,Female,Serious,5,1.6898955475721302,6,2,36-50
19,Male,Friendship,8,5.0,0,2,18-25
36,Female,Serious,2,2.822780396459777,4,2,36-50
26,Female,Serious,4,3.906918050359487,2,1,26-35
24,Male,Friendship,8,5.0,0,1,18-25
21,Male,Friendship,6,4.429864411552665,1,2,18-25
43,Male,Serious,1,1.4919235002061844,6,2,36-50
38,Male,Serious,6,2.1502594824982664,5,3,36-50
35,Male,Casual,4,2.0695101974527574,5,3,26-35
30,Male,Friendship,4,2.7625609829159457,4,3,26-35
28,Male,Casual,5,2.665927794218815,4,1,26-35
46,Other,Serious,8,1.5950301657951664,6,2,36-50
41,Female,Serious,10,2.2713063020750943,5,3,36-50
21,Male,Friendship,3,5.0,0,2,18-25
42,Other,Serious,7,2.0649848107328257,5,3,36-50
38,Other,Serious,10,2.853326908178099,4,3,36-50
46,Other,Serious,9,2.7894660456325875,4,3,36-50
42,Female,Serious,10,2.0236126751427697,5,3,36-50
21,Male,Friendship,3,5.0,0,2,18-25
27,Other,Casual,2,3.262927554503401,3,2,26-35
22,Female,Friendship,6,4.459728918221021,1,1,18-25
26,Female,Friendship,5,4.082193603008157,2,2,26-35
41,Female,Serious,10,1.628462464422833,6,3,36-50
49,Other,Serious,7,2.208869178057243,5,3,36-50
20,Male,Friendship,10,4.471678645123358,1,2,18-25
34,Other,Serious,5,3.2355720299122854,3,2,26-35
20,Other,Friendship,10,4.661249786385605,1,2,18-25
33,Male,Casual,8,2.6017638708027353,4,3,26-35
21,Male,Friendship,3,4.516428927110306,1,2,18-25
35,Male,Casual,7,2.0832837508884,5,1,26-35
34,Female,Serious,6,2.771112860104647,4,2,26-35
24,Male,Friendship,4,4.475152530765751,1,1,18-25
49,Other,Serious,2,2.6933616077984923,4,2,36-50
41,Male,Serious,9,1.6550119564979584,6,2,36-50
40,Other,Serious,4,2.1809566470213557,5,3,36-50
47,Female,Serious,4,1.443704758198811,6,2,36-50
49,Other,Serious,1,1.6179414630487499,6,2,36-50
22,Other,Friendship,6,5.0,0,2,18-25
29,Male,Casual,4,2.729901479033744,4,1,26-35
34,Male,Casual,7,2.793982171051788,4,3,26-35
40,Other,Serious,7,1.4815788612372465,6,3,36-50
30,Male,Friendship,10,2.1152320444027377,5,3,26-35
40,Female,Serious,1,1.6202448791912456,6,2,36-50
42,Female,Serious,4,2.281373286027303,5,3,36-50
20,Male,Friendship,6,4.558773517087842,1,1,18-25
26,Female,Serious,5,3.202991291466987,3,2,26-35
47,Male,Serious,7,1.5015391253725494,6,2,36-50
34,Other,Casual,3,3.3195903004536604,3,1,26-35
34,Other,Casual,3,3.3017520860006733,3,2,26-35
47,Female,Serious,10,2.730880658334669,4,3,36-50
37,Male,Serious,5,2.78979987614552,4,3,36-50
33,Male,Friendship,3,2.636338408099326,4,1,26-35
42,Female,Serious,10,2.0817891526602517,5,2,36-50
39,Other,Serious,1,2.1522944258052874,5,2,36-50
30,Female,Friendship,5,2.694671992453993,4,2,26-35
44,Other,Serious,8,2.297325601440608,5,3,36-50
36,Male,Serious,10,2.7294294401112467,4,3,36-50
34,Other,Serious,6,2.860939746077665,4,3,26-35
21,Female,Friendship,3,4.66895295068416,1,2,18-25
29,Male,Casual,4,2.850802099916705,4,3,26-35
46,Female,Serious,10,2.6140694722835502,4,3,36-50
26,Female,Serious,3,2.8843240194840054,4,2,26-35
36,Other,Serious,2,2.038622768639953,5,2,36-50
29,Female,Friendship,4,3.8103210883142884,2,2,26-35
26,Other,Friendship,3,3.3243108823719676,3,2,26-35
24,Male,Friendship,1,5.0,0,1,18-25
45,Other,Serious,3,1.4552589588989713,6,2,36-50
31,Male,Friendship,2,2.0863458840128453,5,1,26-35
48,Other,Serious,8,2.0745216815740566,5,2,36-50
49,Female,Serious,6,2.805438620645046,4,2,36-50
37,Other,Serious,10,2.056033191990821,5,3,36-50
36,Other,Serious,10,3.3629354915591776,3,3,36-50
43,Male,Serious,10,2.295927963843059,5,3,36-50
32,Female,Serious,3,2.7297147262868866,4,1,26-35
33,Other,Casual,5,2.1925619326386308,5,2,26-35
38,Female,Serious,9,2.8908115033189623,4,3,36-50
22,Other,Friendship,5,4.441291699412409,1,1,18-25
20,Other,Friendship,8,5.0,0,1,18-25
29,Female,Serious,5,3.4550577200585764,3,2,26-35
42,Other,Serious,1,2.279691704823464,5,2,36-50
37,Female,Serious,7,3.380370817387672,3,3,36-50
44,Other,Serious,6,2.643026180762067,4,3,36-50
38,Male,Serious,6,2.2704414751842963,5,2,36-50
21,Female,Friendship,3,4.452333969857283,1,2,18-25
38,Other,Serious,5,2.1058633544996357,5,2,36-50
40,Other,Serious,5,2.1126523933286787,5,3,36-50
33,Male,Casual,6,2.7341874619617883,4,2,26-35
42,Female,Serious,6,2.837049744779285,4,2,36-50
24,Other,Friendship,5,5.0,0,1,18-25
30,Male,Friendship,6,2.215896521983434,5,2,26-35
38,Other,Serious,9,3.206638602326475,3,3,36-50
27,Female,Serious,8,2.7694535306651455,4,3,26-35
43,Other,Serious,1,1.6242478867644203,6,2,36-50
24,Other,Friendship,8,5.0,0,1,18-25
31,Other,Friendship,7,2.2834808136096187,5,3,26-35
48,Other,Serious,9,1.6471431565641057,6,2,36-50
43,Male,Serious,10,1.5914465196460497,6,3,36-50
22,Male,Friendship,6,4.418727555104755,1,1,18-25
20,Female,Friendship,1,5.0,0,1,18-25
40,Male,Serious,3,2.873473880375666,4,2,36-50
46,Male,Serious,6,1.5138336160642858,6,3,36-50
28,Female,Serious,10,2.851439757681608,4,3,26-35
28,Male,Friendship,4,3.8939483428586534,2,2,26-35
35,Male,Friendship,6,3.371030987464191,3,2,26-35
32,Female,Serious,10,2.1945273255112347,5,3,26-35
29,Female,Friendship,10,2.8033985112676687,4,2,26-35
26,Female,Serious,4,3.4647647943393047,3,1,26-35
27,Other,Casual,6,3.8703866801018845,2,2,26-35
43,Other,Serious,1,1.4787108755866927,6,2,36-50
29,Female,Serious,8,4.011212297993221,2,1,26-35
34,Female,Serious,7,3.2531581437452117,3,2,26-35
46,Female,Serious,9,2.739281121489188,4,2,36-50
23,Other,Friendship,3,4.406010315223165,1,2,18-25
24,Other,Friendship,2,5.0,0,2,18-25
31,Male,Casual,1,2.2036539155086583,5,2,26-35
30,Male,Friendship,3,3.4242384810445263,3,1,26-35
25,Female,Friendship,5,2.634595709971363,4,2,18-25
27,Other,Casual,4,3.2683128651233595,3,3,26-35
26,Other,Casual,5,3.829671333961115,2,3,26-35
35,Other,Serious,4,2.730023853177535,4,2,26-35
44,Female,Serious,7,2.03783482122339,5,2,36-50
43,Male,Serious,3,1.5311888051500673,6,2,36-50
19,Female,Friendship,9,4.619629476740339,1,2,18-25
22,Male,Friendship,8,4.605016589943026,1,1,18-25
46,Male,Serious,4,1.4841381460555538,6,2,36-50
22,Female,Friendship,1,5.0,0,2,18-25
23,Male,Friendship,1,5.0,0,1,18-25
36,Male,Serious,3,3.304257316125475,3,3,36-50
25,Other,Friendship,1,3.298735746109282,3,2,18-25
33,Male,Casual,10,2.7714315954446054,4,3,26-35
30,Female,Friendship,3,2.0736505433082417,5,2,26-35
18,Female,Serious,6,4.595473678394076,1,2,
39,Male,Serious,3,2.249678531201744,5,2,36-50
37,Other,Serious,8,3.33779555152959,3,3,36-50
34,Other,Casual,7,2.203852197478515,5,1,26-35
48,Male,Serious,2,2.1955656271648984,5,2,36-50
24,Male,Friendship,6,4.4115996685542775,1,2,18-25
42,Female,Serious,9,2.655024888552733,4,3,36-50
30,Male,Friendship,3,3.468059000545439,3,1,26-35
21,Other,Friendship,6,5.0,0,1,18-25
21,Male,Friendship,10,4.634131891973354,1,2,18-25
23,Female,Friendship,10,5.0,0,2,18-25
45,Female,Serious,5,2.6918445952755725,4,2,36-50
48,Female,Serious,5,2.674313291533714,4,3,36-50
36,Female,Serious,10,3.315290056268156,3,3,36-50
46,Female,Serious,8,1.4166025995651361,6,2,36-50
29,Male,Casual,3,4.042961485712398,2,2,26-35
39,Male,Serious,8,3.4952526455345234,3,2,36-50
24,Male,Friendship,9,5.0,0,2,18-25
44,Male,Serious,3,1.5664926004557649,6,2,36-50
27,Female,Friendship,6,3.288584591144885,3,3,26-35
43,Other,Serious,5,2.0593093665630744,5,3,36-50
36,Male,Serious,10,2.109218861538998,5,3,36-50
24,Other,Friendship,10,4.600090858864462,1,1,18-25
47,Male,Serious,1,2.734118466662247,4,2,36-50
20,Male,Friendship,8,4.680217946025346,1,2,18-25
30,Other,Serious,10,2.25626610288972,5,3,26-35
30,Female,Serious,7,2.0307201847888696,5,2,26-35
35,Male,Friendship,3,2.6394575671657132,4,2,26-35
45,Male,Serious,1,2.2028717555900332,5,2,36-50
47,Male,Serious,7,2.6692305169941064,4,3,36-50
43,Other,Serious,10,1.6373089631035258,6,3,36-50
37,Female,Serious,5,2.777407442697906,4,2,36-50
45,Other,Serious,3,2.068949158320005,5,3,36-50
25,Other,Friendship,5,3.943606039244177,2,2,18-25
46,Female,Serious,8,2.7218228877101103,4,2,36-50
48,Other,Serious,8,2.8619478077568217,4,2,36-50
26,Female,Serious,8,3.8096487424931147,2,3,26-35
24,Male,Friendship,9,5.0,0,1,18-25
18,Female,Serious,1,4.595624804863923,1,1,
20,Male,Friendship,4,4.621261456264514,1,2,18-25
30,Other,Friendship,3,3.2007822390177902,3,1,26-35
45,Other,Serious,2,2.78847183021117,4,2,36-50
47,Male,Serious,10,2.1765458491133076,5,3,36-50
42,Other,Serious,9,2.76116166691589,4,3,36-50
48,Female,Serious,10,1.6357600570117659,6,3,36-50
45,Male,Serious,4,2.7667613289189514,4,3,36-50
34,Other,Friendship,4,2.2571291568679572,5,2,26-35
42,Male,Serious,6,2.6697894459228917,4,2,36-50
41,Female,Serious,5,2.84179477669151,4,3,36-50
18,Female,Serious,8,5.0,0,2,
23,Other,Friendship,3,5.0,0,2,18-25
38,Female,Serious,2,2.88213905564857,4,2,36-50
23,Male,Friendship,3,5.0,0,1,18-25
43,Female,Serious,6,2.758965894194057,4,2,36-50
29,Male,Casual,2,2.7974987068769446,4,1,26-35
30,Male,Casual,10,2.0238414997563483,5,3,26-35
49,Female,Serious,1,2.748224215461236,4,2,36-50
30,Other,Casual,10,2.108175492976474,5,3,26-35
46,Female,Serious,4,2.2617366893753923,5,3,36-50
32,Male,Friendship,10,2.863003855612498,4,3,26-35
38,Male,Serious,6,2.210233861864171,5,2,36-50
33,Female,Serious,2,2.1967173423777493,5,2,26-35
39,Other,Serious,2,2.220106537782757,5,2,36-50
38,Other,Serious,10,2.7097960703008424,4,3,36-50
28,Male,Casual,8,3.9213557740251876,2,1,26-35
45,Male,Serious,2,1.566111416866612,6,2,36-50
22,Other,Friendship,7,4.68140843820934,1,1,18-25
21,Female,Friendship,3,4.617199962235869,1,1,18-25
20,Male,Friendship,8,5.0,0,2,18-25
36,Male,Serious,9,2.2311239044690145,5,3,36-50
37,Other,Serious,10,2.1112670936715277,5,3,36-50
42,Female,Serious,10,2.219140010343311,5,3,36-50
35,Other,Friendship,6,2.12320287448481,5,2,26-35
32,Female,Friendship,7,2.683898422104496,4,1,26-35
26,Female,Serious,5,3.9829172142566875,2,2,26-35
34,Female,Friendship,7,2.2060632678950554,5,1,26-35
31,Male,Friendship,1,2.1377880683538693,5,2,26-35
32,Other,Casual,1,2.7696502194066506,4,2,26-35
48,Other,Serious,9,2.8082198224567874,4,2,36-50
18,Female,Serious,5,4.630313015467253,1,1,
38,Male,Serious,7,2.868671443724923,4,3,36-50
39,Male,Serious,6,3.3063632618792984,3,3,36-50
39,Other,Serious,8,3.485443175855778,3,3,36-50
20,Male,Friendship,3,4.591183943036927,1,2,18-25
33,Male,Casual,9,3.4363105648096846,3,2,26-35
40,Female,Serious,10,2.8099307130444315,4,3,36-50
42,Male,Serious,6,2.661671517604522,4,2,36-50
28,Female,Serious,1,3.821431514902648,2,1,26-35
29,Other,Friendship,7,4.017885939205436,2,2,26-35
27,Male,Casual,7,2.753315800338373,4,2,26-35
49,Other,Serious,10,2.2106640105224975,5,3,36-50
33,Other,Serious,10,3.343052841174638,3,2,26-35
25,Male,Friendship,4,3.2936703561249514,3,1,18-25
23,Male,Friendship,8,4.485505372777871,1,1,18-25
29,Other,Serious,6,4.019159639260998,2,1,26-35
41,Male,Serious,4,1.4830340244397329,6,2,36-50
45,Female,Serious,6,2.2144030612776264,5,3,36-50
38,Female,Serious,2,2.7151880378952136,4,2,36-50
25,Male,Friendship,2,2.8312695212956407,4,1,18-25
43,Other,Serious,7,1.4428429777348013,6,3,36-50
45,Male,Serious,5,2.0614939829613035,5,2,36-50
21,Male,Friendship,8,5.0,0,2,18-25
43,Other,Serious,8,2.768069336059479,4,3,36-50
25,Other,Friendship,4,3.26116350278648,3,2,18-25
43,Female,Serious,7,2.8708481035180466,4,2,36-50
45,Other,Serious,8,1.4827832442237943,6,2,36-50
35,Female,Serious,2,2.12632141945809,5,1,26-35
45,Other,Serious,7,1.4606863825617618,6,2,36-50
45,Male,Serious,5,2.1164082855024544,5,3,36-50
22,Female,Friendship,2,4.547494025033442,1,2,18-25
26,Female,Serious,8,3.288574116353876,3,2,26-35
21,Female,Friendship,2,4.630728101958946,1,2,18-25
49,Male,Serious,9,2.118179893593874,5,2,36-50
44,Male,Serious,1,2.21885299998763,5,2,36-50
