SquareFeet,Bedrooms,Bathrooms,Garage,Neighborhood,Price
1748.0,4.0,3.0,No,B,261199.82838973706
1430.0,1.0,3.0,No,A,209474.41877181438
1823.0,3.0,1.0,Yes,C,253908.27629393782
2261.0,5.0,3.0,No,A,321474.4491401163
1382.0,3.0,3.0,No,C,213414.62927488005
1382.0,3.0,2.0,Yes,A,208250.62646458636
2289.0,1.0,1.0,No,C,281167.6822467195
1883.0,1.0,1.0,Yes,C,240662.84932143174
1265.0,1.0,1.0,No,A,184619.020929004
1771.0,2.0,3.0,Yes,A,244210.14863827542
1268.0,4.0,1.0,No,C,196886.25502586065
1267.0,2.0,3.0,Yes,B,218151.34548384268
1620.0,4.0,3.0,No,A,261233.09452104184
543.0,4.0,2.0,Yes,B,127801.20759107245
637.0,3.0,2.0,No,A,152282.04917294232
1218.0,3.0,2.0,No,A,181135.6073086395
993.0,4.0,2.0,No,A,207591.44322012152
1657.0,4.0,2.0,No,A,262703.1319213559
1045.0,2.0,3.0,No,B,179902.68087859894
793.0,2.0,3.0,No,A,164124.2656173511
2232.0,3.0,1.0,No,C,281190.8067189087
1387.0,1.0,3.0,No,C,215304.42789925812
1533.0,4.0,3.0,No,B,242463.36967497534
787.0,2.0,2.0,Yes,A,144352.36610607605
1227.0,3.0,3.0,Yes,C,204014.4251367414
1555.0,2.0,2.0,No,B,223830.12524190574
924.0,4.0,1.0,Yes,A,158082.63280682365
1687.0,4.0,1.0,No,C,237118.52754103337
1199.0,5.0,3.0,No,C,201481.55574000286
1354.0,1.0,1.0,Yes,B,205973.3076556062
1199.0,5.0,3.0,No,A,206578.87253543732
2426.0,3.0,1.0,No,A,302379.79128429847
1493.0,2.0,2.0,Yes,C,231715.04679815998
971.0,3.0,2.0,Yes,C,179796.2035433933
1911.0,4.0,2.0,No,C,283145.0105594896
889.0,5.0,2.0,Yes,A,187060.83224196653
1604.0,5.0,3.0,Yes,B,275774.5489693842
520.0,5.0,1.0,No,B,132439.60233306815
835.0,3.0,3.0,Yes,A,154923.92321004492
1598.0,4.0,2.0,Yes,B,246510.37800762124
1869.0,2.0,3.0,No,C,261209.95377120184
1585.0,2.0,1.0,Yes,B,215924.9471668446
1442.0,3.0,3.0,Yes,B,231199.2517221724
1349.0,5.0,1.0,No,B,225557.5273300959
760.0,1.0,3.0,No,C,143640.05158403717
1140.0,3.0,1.0,No,A,198743.8808733172
1269.0,3.0,1.0,Yes,C,189003.86040997185
2028.0,4.0,2.0,No,A,284360.96778674534
1671.0,2.0,1.0,No,A,237963.07881780868
618.0,3.0,2.0,Yes,A,136921.0079131594
1662.0,3.0,2.0,No,B,227439.97661061463
1307.0,5.0,2.0,No,B,228974.07491788804
1161.0,5.0,3.0,No,A,205865.35659643973
1805.0,1.0,3.0,No,A,263948.98449393694
2015.0,4.0,3.0,Yes,B,279858.55864972336
1965.0,1.0,3.0,No,C,261565.63417903587
1080.0,5.0,1.0,No,A,198624.33409555358
1345.0,2.0,1.0,Yes,C,204905.08092742023
1665.0,5.0,3.0,No,B,258114.14289315324
,,,,,279250.31598170835
1260.0,5.0,1.0,Yes,C,198459.60864455643
1407.0,4.0,2.0,Yes,C,225802.5911748891
946.0,4.0,2.0,No,C,179885.53923390066
901.0,4.0,2.0,Yes,B,170362.18394808972
1906.0,4.0,2.0,Yes,B,266247.1429440924
2178.0,4.0,1.0,Yes,C,295502.4857821479
1463.0,2.0,3.0,No,C,226750.188566991
2001.0,1.0,1.0,No,B,257441.7792108039
1680.0,3.0,1.0,No,C,229661.8552981925
1177.0,1.0,1.0,No,C,179824.77049335468
1680.0,4.0,2.0,No,B,247366.77635163395
2269.0,2.0,2.0,No,C,290553.4237956307
1482.0,5.0,2.0,No,C,237635.29810758113
2282.0,2.0,3.0,Yes,C,325283.05472055386
190.0,4.0,1.0,Yes,B,92331.72334092922
1910.0,2.0,3.0,Yes,C,286977.7654124202
,,,,,249443.31714730096
1350.0,4.0,3.0,No,B,216465.81097622326
1545.0,2.0,1.0,Yes,A,221590.44208198963
506.0,3.0,1.0,Yes,A,143637.3191781631
1390.0,3.0,2.0,Yes,C,216789.20038590956
1678.0,2.0,2.0,Yes,B,242168.121457654
2238.0,5.0,3.0,No,A,303099.9452562511
1240.0,4.0,2.0,No,C,202683.38099680332
1095.0,3.0,2.0,No,A,194055.88684668936
1249.0,5.0,1.0,Yes,A,231192.8264295125
1957.0,2.0,2.0,No,B,267739.9316652831
1664.0,5.0,2.0,Yes,B,238773.73677748645
1235.0,1.0,1.0,No,A,171447.50809226691
1756.0,3.0,1.0,No,A,247242.10314061702
1548.0,2.0,3.0,No,B,247572.0679805225
1984.0,4.0,2.0,No,C,288773.53682875395
1148.0,2.0,1.0,No,B,186402.55863510128
1336.0,4.0,3.0,Yes,A,237691.44386917597
1303.0,2.0,3.0,No,C,204097.7091248105
768.0,5.0,2.0,Yes,A,165990.94719957566
,,,,,248596.17879797606
1630.0,5.0,3.0,Yes,A,256285.44264547926
1502.0,1.0,1.0,Yes,C,202137.30645674514
1382.0,4.0,3.0,Yes,C,225760.23928566204
792.0,5.0,2.0,No,A,167922.844337546
,,,,,187185.2850013845
1328.0,4.0,1.0,No,B,208189.38496986197
1098.0,2.0,3.0,No,A,194850.40543437187
1419.0,1.0,2.0,Yes,B,223286.957690644
1702.0,3.0,3.0,No,A,269311.558681126
2443.0,1.0,3.0,No,C,327914.2176739699
1587.0,1.0,3.0,Yes,C,222100.18521561683
1628.0,4.0,1.0,Yes,C,236195.90014430147
1462.0,2.0,1.0,No,A,210457.149692874
540.0,3.0,2.0,No,B,126428.50169211435
1486.0,5.0,2.0,Yes,B,241023.51179029606
1530.0,5.0,3.0,No,A,233056.71506718543
2731.0,1.0,3.0,No,A,366035.66469528293
1403.0,4.0,3.0,No,B,243252.20671521715
1650.0,4.0,2.0,No,B,253782.02261901757
1482.0,5.0,1.0,Yes,B,229578.90670079816
915.0,3.0,1.0,Yes,B,175788.39295072554
2071.0,2.0,3.0,Yes,A,294994.0493678027
1875.0,3.0,3.0,No,A,284566.3778421809
1895.0,2.0,3.0,No,C,269909.4791774016
1045.0,5.0,3.0,No,B,218393.13085864167
2201.0,2.0,2.0,No,C,305768.8787568986
799.0,4.0,1.0,No,A,161995.36295435933
1793.0,1.0,3.0,Yes,A,267859.72920431156
2595.0,1.0,2.0,No,C,324308.38058166025
1004.0,5.0,3.0,No,B,184724.99640652974
1216.0,4.0,3.0,Yes,B,215815.50513047475
1549.0,3.0,1.0,No,B,226329.0955418653
1248.0,4.0,3.0,Yes,B,213822.82657722372
724.0,1.0,1.0,Yes,C,146563.12039349403
1534.0,1.0,1.0,Yes,C,217071.3921321063
968.0,4.0,1.0,Yes,A,176435.69073535484
1736.0,4.0,2.0,Yes,B,254329.47441245904
1040.0,1.0,2.0,No,B,181811.23139279525
2274.0,3.0,1.0,Yes,B,306418.75781307917
,,,,,215536.59676894292
1338.0,5.0,1.0,No,B,210827.3603336382
1906.0,4.0,3.0,No,C,294640.88460046996
,,,,,188787.68423766372
1613.0,1.0,3.0,No,B,245720.38397324705
2153.0,1.0,2.0,No,A,276207.1171275571
696.0,4.0,3.0,Yes,B,152577.977157638
1592.0,4.0,1.0,Yes,B,232446.2304440691
1629.0,4.0,2.0,No,A,241256.2278598148
1890.0,3.0,3.0,Yes,C,274289.07374312734
881.0,5.0,3.0,Yes,C,190424.42466367848
839.0,4.0,3.0,No,B,177799.52440749848
1760.0,2.0,3.0,Yes,C,259022.8905638629
1648.0,2.0,3.0,Yes,B,243387.97250199853
1625.0,1.0,2.0,Yes,A,230761.5407283545
1673.0,5.0,2.0,Yes,A,264265.75507529004
1159.0,4.0,2.0,Yes,B,179780.41972500185
1616.0,2.0,2.0,No,A,235486.09591521267
1646.0,5.0,1.0,No,A,249479.87594927326
1142.0,1.0,2.0,Yes,B,191035.83068547293
2432.0,3.0,3.0,No,B,319099.54060716176
1736.0,5.0,3.0,Yes,A,258970.90317546882
904.0,5.0,2.0,Yes,C,185239.54994878132
1828.0,3.0,3.0,Yes,C,249755.47759743084
1012.0,5.0,2.0,Yes,B,203521.89110760787
1893.0,1.0,3.0,Yes,B,267565.9199149281
2079.0,1.0,1.0,No,C,285487.2121284344
1089.0,3.0,1.0,No,A,170029.27623430488
1981.0,4.0,2.0,Yes,C,277736.4053128176
1706.0,2.0,2.0,No,C,220521.31673073114
1911.0,4.0,2.0,Yes,C,267143.10237004724
2448.0,5.0,3.0,No,C,338961.5311927812
1377.0,2.0,2.0,Yes,B,192072.92419991564
1123.0,3.0,1.0,No,B,180353.731878016
1055.0,3.0,3.0,Yes,A,171626.59823139757
1092.0,2.0,2.0,Yes,A,180625.39815088574
1461.0,1.0,3.0,No,A,233571.11927108237
1670.0,2.0,3.0,No,A,247650.20249885877
,,,,,269382.073726118
1913.0,1.0,3.0,No,B,275162.9256339461
1506.0,3.0,1.0,Yes,B,236081.4784860697
2226.0,2.0,1.0,No,A,281950.54759121715
1367.0,4.0,3.0,No,A,219808.58371607398
2860.0,4.0,2.0,Yes,C,373456.1341638537
1812.0,5.0,3.0,No,C,261422.9790836714
1071.0,4.0,1.0,No,A,188811.4374976209
964.0,2.0,3.0,Yes,B,174160.8018345307
1741.0,2.0,3.0,No,B,268399.9683754666
1388.0,4.0,1.0,Yes,B,222595.1225407941
1857.0,2.0,3.0,Yes,A,277667.0643034013
1736.0,5.0,3.0,Yes,B,262057.93918604954
1463.0,1.0,2.0,Yes,C,225782.10268761727
1076.0,5.0,2.0,Yes,C,211047.12494364282
742.0,5.0,1.0,No,A,155812.86176619658
1276.0,2.0,1.0,Yes,C,187206.49380633511
1928.0,1.0,1.0,Yes,A,247582.1279876559
1607.0,2.0,2.0,No,B,247090.12992015964
877.0,3.0,1.0,No,B,186543.45742423311
1586.0,2.0,1.0,No,B,215783.5492982478
1692.0,2.0,1.0,Yes,C,225614.7994995744
1058.0,2.0,2.0,Yes,A,189014.1418067448
1576.0,1.0,3.0,Yes,B,226060.86470633355
,,,,,230083.5538422827
928.0,1.0,3.0,Yes,B,173453.46173526646
1678.0,4.0,1.0,No,C,244560.22697502037
1780.0,3.0,3.0,Yes,C,268412.71534521686
2041.0,1.0,2.0,No,A,276901.9836915339
2026.0,4.0,2.0,Yes,C,284803.93502213823
811.0,1.0,1.0,Yes,C,125536.38968361505
1031.0,1.0,3.0,Yes,A,180886.50728589034
1757.0,3.0,2.0,No,B,270430.60366064165
1756.0,5.0,1.0,No,C,241512.31336795478
1757.0,5.0,1.0,Yes,A,248042.14979861054
3426.0,1.0,2.0,Yes,C,415868.2697476601
,,,,,252885.9186273228
2067.0,4.0,1.0,No,C,287811.8215958429
1977.0,2.0,3.0,Yes,C,271706.81792172336
1825.0,2.0,3.0,Yes,A,275124.58286592306
1342.0,1.0,3.0,Yes,A,210669.0056569021
1879.0,1.0,1.0,Yes,A,256869.85522343058
1113.0,1.0,2.0,No,C,183502.77410971097
1381.0,1.0,1.0,No,C,201854.9496796099
1257.0,5.0,2.0,Yes,C,220968.3365702813
1540.0,1.0,3.0,Yes,A,231864.8795396695
2657.0,5.0,3.0,No,C,349798.0097190449
566.0,5.0,2.0,No,B,156473.56825715964
1843.0,1.0,2.0,Yes,C,261481.27286248183
693.0,3.0,1.0,No,B,120231.4960864219
1264.0,4.0,3.0,No,C,210857.99715124324
2044.0,2.0,1.0,Yes,A,281823.6046249281
1532.0,5.0,1.0,No,C,216930.71453522166
961.0,4.0,1.0,No,B,182535.66881900743
1142.0,3.0,3.0,Yes,B,198787.7746434575
1839.0,2.0,1.0,Yes,C,264302.8257033399
1134.0,2.0,1.0,No,B,180388.53210924537
1608.0,5.0,1.0,Yes,B,235579.32007004373
1522.0,1.0,1.0,No,A,217280.8566075914
1174.0,3.0,1.0,Yes,C,189096.14510490015
2571.0,5.0,1.0,No,C,330991.4886585932
,,,,,289783.43483011384
487.0,1.0,1.0,No,B,100989.01818415686
1593.0,1.0,2.0,No,C,205870.44624940207
1169.0,5.0,1.0,No,C,214716.98968121494
1926.0,1.0,1.0,Yes,A,248764.36527684075
1103.0,4.0,3.0,Yes,A,198332.26739034304
1442.0,2.0,3.0,No,A,221620.93935370966
1752.0,5.0,2.0,No,B,258503.48565841673
1932.0,3.0,2.0,Yes,C,264538.07528736553
899.0,4.0,3.0,Yes,A,170931.82697503036
1332.0,5.0,3.0,Yes,A,229847.59761704566
1262.0,1.0,1.0,Yes,A,184180.12442324366
1173.0,1.0,3.0,Yes,C,200603.62190333946
2382.0,1.0,2.0,Yes,C,312026.94051616156
1702.0,1.0,1.0,No,C,222924.87806474595
869.0,3.0,2.0,Yes,B,166985.21276072357
1958.0,4.0,1.0,No,B,268621.6167587865
2561.0,2.0,3.0,Yes,A,327183.39557366335
2016.0,3.0,2.0,Yes,C,287494.3157051513
740.0,3.0,1.0,No,A,144786.74720691636
1257.0,2.0,1.0,No,C,188624.4997982952
2133.0,2.0,3.0,Yes,C,285744.32763576723
1146.0,1.0,3.0,No,C,180320.6323892666
1721.0,3.0,3.0,No,B,277987.68023914547
1887.0,5.0,2.0,No,B,281041.1864963
1036.0,2.0,1.0,No,C,159688.70962797184
1470.0,2.0,3.0,Yes,A,230878.65898322812
-120.0,4.0,2.0,No,C,82620.16176795537
987.0,5.0,2.0,Yes,C,189375.17612530044
1373.0,5.0,2.0,Yes,A,240040.21342133125
876.0,2.0,3.0,Yes,C,153171.86857930032
2316.0,1.0,3.0,Yes,A,287686.7795261979
784.0,4.0,1.0,No,B,158005.17421853752
1279.0,5.0,1.0,No,B,212664.96143373882
1565.0,2.0,3.0,Yes,A,204104.99821745759
2220.0,5.0,2.0,Yes,B,304764.23908797983
782.0,4.0,2.0,Yes,B,152113.37685616544
2081.0,4.0,2.0,Yes,A,278180.53759296844
1505.0,3.0,1.0,No,B,212389.5823539019
1009.0,2.0,2.0,Yes,C,180857.8780159936
1731.0,4.0,1.0,No,C,239925.94978710293
1599.0,3.0,1.0,Yes,A,222068.77865418157
,,,,,182711.9469114232
1534.0,5.0,2.0,Yes,C,255089.09642515826
1307.0,5.0,3.0,Yes,C,231046.32365470636
,,,,,216676.437970971
1831.0,5.0,2.0,No,B,262277.59920776816
2293.0,4.0,1.0,No,C,311585.1788439493
881.0,1.0,1.0,Yes,C,162913.92548982837
2566.0,4.0,1.0,Yes,A,342008.38759366656
523.0,3.0,1.0,No,A,120743.17089742115
1424.0,3.0,1.0,No,C,195086.2313920696
1794.0,4.0,3.0,Yes,A,279102.4899391131
1640.0,5.0,2.0,Yes,C,250031.03148679496
1188.0,5.0,3.0,No,C,215488.6201461507
1395.0,3.0,1.0,Yes,A,209725.79561791502
1253.0,2.0,1.0,Yes,A,178744.70500423733
1205.0,5.0,1.0,No,B,206142.5021222299
1924.0,4.0,1.0,Yes,B,271664.59031113447
1678.0,5.0,2.0,No,B,252542.11157085202
1153.0,4.0,1.0,Yes,C,197011.05799862486
1949.0,3.0,2.0,No,A,260160.00452576694
1653.0,5.0,1.0,Yes,C,244609.9722411689
1906.0,4.0,2.0,No,A,274861.2747293579
,,,,,250050.72367864937
1085.0,2.0,1.0,No,B,174929.03389163947
1219.0,4.0,2.0,No,B,213236.45146681296
1873.0,2.0,3.0,Yes,B,265267.6907595713
1805.0,2.0,1.0,Yes,C,247158.85097485656
1489.0,1.0,1.0,No,A,216523.44039234167
1558.0,5.0,1.0,Yes,A,233921.9989113373
2138.0,4.0,2.0,Yes,B,294822.0260045571
1204.0,2.0,2.0,Yes,B,182632.96485467532
1773.0,1.0,3.0,Yes,B,253150.63222679234
1398.0,3.0,2.0,Yes,B,215451.5151639522
1391.0,4.0,2.0,No,A,228090.89795053322
2049.0,2.0,1.0,No,C,277534.5995418324
,,,,,281112.0903901288
1906.0,1.0,1.0,No,C,247517.39649104868
2152.0,2.0,1.0,Yes,C,260434.18914375885
1510.0,5.0,1.0,Yes,B,240416.39746464774
1840.0,2.0,1.0,No,B,255311.2096409741
1344.0,4.0,1.0,Yes,B,205047.0839531391
1662.0,4.0,3.0,Yes,C,262749.40199567337
,,,,,219914.1019748376
1548.0,1.0,3.0,Yes,B,241102.40212870276
1797.0,4.0,3.0,No,A,267363.7544820595
1090.0,5.0,1.0,No,A,182710.72386995103
2546.0,2.0,3.0,Yes,B,329382.9844376111
996.0,3.0,1.0,Yes,A,169285.1501399979
892.0,5.0,3.0,No,A,185079.87926700537
2079.0,5.0,2.0,No,B,297382.80280399404
1895.0,4.0,3.0,Yes,B,276203.92556041875
,,,,,259202.39573461478
1814.0,2.0,1.0,No,B,248482.79274333434
1493.0,1.0,3.0,No,C,218824.270044256
1051.0,2.0,2.0,Yes,C,171118.09375578735
1537.0,2.0,1.0,No,B,226783.65542894838
1161.0,1.0,1.0,Yes,A,183343.26035997906
1987.0,5.0,3.0,No,B,295271.36355161265
1426.0,2.0,1.0,Yes,B,218841.95465990203
1087.0,1.0,1.0,No,A,151086.72343832365
1339.0,2.0,1.0,Yes,C,195256.05358493296
1706.0,3.0,1.0,Yes,B,231036.82887665357
1218.0,5.0,1.0,Yes,B,226362.7226513785
1088.0,4.0,1.0,No,C,192932.19820395985
1621.0,2.0,2.0,No,C,235309.38016341726
1622.0,3.0,3.0,No,A,256049.90578846156
1246.0,4.0,2.0,Yes,C,219762.75663755115
1264.0,4.0,1.0,No,C,214456.31691524072
1616.0,2.0,1.0,Yes,C,237817.03485100353
,,,,,150874.59676717938
796.0,2.0,2.0,Yes,C,148586.34580516047
1140.0,3.0,3.0,Yes,C,190378.10820019315
1393.0,4.0,2.0,Yes,A,228324.47266729007
1655.0,2.0,1.0,No,C,230910.6426467122
2237.0,1.0,3.0,No,C,295515.28969482804
1928.0,2.0,3.0,No,A,269093.38638272195
1420.0,5.0,1.0,Yes,B,238501.9263063469
1490.0,1.0,3.0,Yes,A,234526.8041284167
998.0,3.0,2.0,No,C,197103.93856128165
1490.0,4.0,2.0,No,C,238290.1629989211
1355.0,2.0,2.0,No,C,210069.54440254899
1661.0,1.0,2.0,Yes,A,234845.97549255076
1086.0,5.0,1.0,Yes,C,180396.98452738527
1759.0,1.0,3.0,Yes,C,239285.810082486
2266.0,5.0,2.0,Yes,A,320673.41021892877
1445.0,3.0,1.0,Yes,B,207153.21289516744
1700.0,4.0,3.0,No,B,263114.57753867237
1845.0,3.0,3.0,Yes,C,281654.6668309521
1299.0,2.0,1.0,Yes,A,190245.46066969103
1612.0,1.0,1.0,Yes,C,243304.81634591578
1506.0,5.0,2.0,Yes,A,229693.048790559
1548.0,5.0,3.0,Yes,A,260701.94756489847
1113.0,1.0,3.0,No,B,191547.56181132363
,,,,,225140.9524994615
,,,,,244638.0238864031
2225.0,3.0,2.0,Yes,C,324570.20916953613
1979.0,5.0,3.0,No,B,292112.2491621709
2576.0,2.0,1.0,No,C,331366.4793929928
1116.0,3.0,1.0,No,B,198044.87488946502
1936.0,2.0,2.0,Yes,B,261553.37932504783
1591.0,5.0,2.0,No,C,256357.2636294718
2594.0,1.0,3.0,Yes,B,327685.3035477851
1095.0,1.0,3.0,Yes,B,199469.61580457838
1080.0,3.0,1.0,No,C,172398.19268771267
1200.0,4.0,2.0,Yes,B,204385.06982495758
438.0,3.0,2.0,Yes,B,125861.2070101196
1237.0,4.0,2.0,Yes,B,215542.99769722615
1120.0,2.0,3.0,No,C,212684.76308426546
1575.0,2.0,2.0,Yes,A,226980.3101038551
1670.0,5.0,1.0,Yes,C,260387.34774273608
2438.0,4.0,1.0,No,A,340502.5844863414
1975.0,5.0,3.0,Yes,B,295157.33360864915
1211.0,1.0,3.0,Yes,A,191598.6724987971
1050.0,4.0,2.0,No,C,171699.66260564709
1745.0,3.0,3.0,Yes,C,279332.75767411065
839.0,1.0,1.0,Yes,B,143455.55670075637
2415.0,1.0,2.0,Yes,A,300486.4150076945
2089.0,3.0,1.0,Yes,B,267316.6991579024
1265.0,1.0,2.0,Yes,B,185467.85809609958
643.0,4.0,3.0,No,C,164497.05293227165
2176.0,5.0,2.0,No,A,317178.6852767474
1442.0,1.0,2.0,No,A,219721.21871455538
2118.0,4.0,1.0,No,A,290123.37827353366
702.0,2.0,1.0,Yes,A,124744.79410498665
1200.0,4.0,2.0,Yes,B,196700.59054097952
1502.0,5.0,3.0,Yes,B,235133.80589318724
1523.0,4.0,3.0,Yes,C,249028.21005526267
1274.0,3.0,1.0,Yes,B,188766.87521138295
1811.0,5.0,3.0,No,B,269957.53888946405
966.0,2.0,1.0,No,C,161765.12757001494
1428.0,3.0,3.0,Yes,C,212101.99846903654
1560.0,4.0,2.0,Yes,C,240467.71430840847
1757.0,5.0,1.0,Yes,B,256628.47118964462
1855.0,2.0,1.0,No,B,264342.0914596169
,,,,,164501.3445496625
732.0,2.0,1.0,Yes,C,127208.04481687665
2138.0,4.0,3.0,Yes,C,301059.4035040871
1666.0,2.0,3.0,No,B,236619.08706563985
1125.0,1.0,1.0,Yes,B,174891.54591813125
2275.0,3.0,3.0,No,A,294900.65138173394
1557.0,2.0,1.0,No,B,216646.5459662272
2089.0,4.0,2.0,No,B,283616.2833017778
1533.0,4.0,1.0,No,B,235977.57077086068
2530.0,2.0,2.0,No,C,318894.35290374636
2377.0,4.0,3.0,No,B,311339.042414015
1375.0,5.0,2.0,Yes,C,224481.7990306545
1985.0,5.0,3.0,Yes,A,297698.86140274507
1822.0,5.0,1.0,Yes,A,261487.94806739275
2184.0,1.0,3.0,No,C,288286.7722078089
1017.0,2.0,1.0,Yes,C,161984.37899415736
1843.0,1.0,1.0,No,C,247429.48032442035
2029.0,4.0,2.0,No,B,278005.5125076045
620.0,1.0,2.0,No,A,127715.17028589467
908.0,4.0,2.0,Yes,C,182304.46570887373
480.0,4.0,2.0,No,B,118986.76921094354
1365.0,3.0,3.0,No,A,222063.3298025973
1858.0,5.0,3.0,Yes,B,263910.10587202996
2251.0,4.0,3.0,Yes,A,318379.29670009954
1537.0,3.0,1.0,No,B,215911.9078920094
2314.0,5.0,3.0,No,A,337595.9181303079
809.0,4.0,3.0,Yes,A,157130.5269035465
648.0,4.0,3.0,Yes,B,160220.7903680101
,,,,,228411.31078526494
1692.0,1.0,3.0,No,A,234893.10598579532
1483.0,5.0,1.0,Yes,C,221681.1507100506
466.0,4.0,2.0,Yes,B,121158.04355623403
1455.0,2.0,1.0,Yes,C,207641.37311595696
847.0,1.0,3.0,No,C,165874.21799189466
1834.0,5.0,2.0,Yes,C,266724.95066112874
1683.0,4.0,1.0,Yes,C,234090.41774793644
1030.0,4.0,3.0,Yes,C,173812.4629341671
1243.0,2.0,1.0,Yes,A,207319.47506512396
970.0,5.0,1.0,Yes,A,195804.95630414647
1468.0,4.0,1.0,No,A,229402.37039488458
1977.0,1.0,3.0,No,B,265596.16305575013
1007.0,2.0,3.0,No,C,189177.02115131647
1752.0,5.0,1.0,Yes,A,266687.0691749307
1234.0,2.0,2.0,No,B,194857.51868587267
1103.0,1.0,2.0,No,A,179713.6854399889
1446.0,5.0,3.0,No,A,252917.6822948949
982.0,2.0,3.0,Yes,C,162795.38642943592
1223.0,3.0,3.0,Yes,B,218284.22823122173
901.0,1.0,3.0,No,C,163008.46188643487
2482.0,1.0,3.0,No,C,313074.2169798895
1517.0,1.0,2.0,Yes,A,210396.9352670566
1150.0,3.0,3.0,Yes,C,192352.7786548091
1606.0,3.0,1.0,No,B,220499.29279898797
1443.0,4.0,1.0,Yes,C,239013.88974389015
1389.0,2.0,2.0,No,C,217812.02938501
1807.0,4.0,1.0,Yes,C,268344.8275360857
1878.0,2.0,2.0,No,A,267423.6829161668
1234.0,3.0,2.0,No,B,203012.27608470173
1212.0,3.0,1.0,Yes,A,193947.55323365633
1362.0,4.0,3.0,No,A,223224.87361090138
349.0,5.0,1.0,No,A,113742.1762355983
742.0,4.0,1.0,No,A,137118.96626187107
2183.0,2.0,2.0,Yes,A,303118.2615104026
2322.0,4.0,1.0,Yes,B,291067.66713996953
1375.0,1.0,2.0,Yes,C,195913.894094708
1788.0,2.0,3.0,No,A,279920.3413096061
1655.0,2.0,3.0,Yes,A,247861.72883064827
3039.0,5.0,3.0,No,B,401677.10445030197
2059.0,3.0,1.0,No,B,284273.3854776773
1436.0,2.0,2.0,Yes,C,202196.62506878603
1022.0,3.0,3.0,Yes,B,174262.06633529978
696.0,4.0,2.0,No,C,149151.05653451153
1601.0,1.0,2.0,No,A,220066.3904245231
1121.0,5.0,3.0,Yes,A,207350.44034990598
788.0,3.0,3.0,Yes,C,169655.49295302137
1176.0,2.0,2.0,Yes,B,205491.63047870595
959.0,3.0,3.0,No,C,190010.8833978959
2343.0,2.0,2.0,No,B,298357.23288311047
1940.0,3.0,2.0,No,A,269250.35922052205
1496.0,2.0,3.0,No,B,224130.54828750386
2239.0,4.0,1.0,No,C,290734.3912098765
1538.0,2.0,3.0,Yes,C,222358.2488732217
1069.0,2.0,1.0,Yes,A,190543.1238772454
2261.0,1.0,2.0,No,B,295206.4224323265
1769.0,2.0,2.0,No,B,248657.69793395253
981.0,1.0,1.0,Yes,B,164942.575665943
1404.0,5.0,2.0,Yes,A,234737.46103741572
1062.0,1.0,1.0,Yes,B,179388.2565370642
,,,,,150363.38386633235
1963.0,1.0,2.0,No,B,269327.2221687282
2454.0,5.0,1.0,Yes,A,318288.26023649174
800.0,4.0,3.0,No,B,169098.4205626127
1781.0,3.0,3.0,Yes,B,264667.4256716205
1174.0,3.0,2.0,Yes,C,197944.83995719062
1256.0,1.0,2.0,Yes,B,195703.2110584719
1203.0,1.0,1.0,No,C,190318.3098254492
1068.0,5.0,1.0,No,C,182830.11609024229
1524.0,5.0,1.0,Yes,A,236216.7427290347
1084.0,2.0,1.0,No,C,167810.951604796
1635.0,5.0,3.0,No,C,288707.5256588588
1474.0,2.0,3.0,Yes,A,219271.3568223637
1380.0,4.0,2.0,Yes,C,214993.47345655446
,,,,,175426.4807701312
1211.0,4.0,1.0,No,B,193805.3485649884
1877.0,5.0,2.0,No,A,285530.46127701027
1750.0,4.0,1.0,Yes,C,253530.22593725886
1011.0,4.0,1.0,Yes,A,174068.1073344621
1549.0,4.0,1.0,No,C,224372.44650875224
1875.0,5.0,1.0,Yes,B,261611.63438363126
665.0,4.0,1.0,Yes,A,139576.78997487258
,,,,,249356.03681655202
1168.0,5.0,1.0,No,C,190481.18756576127
1785.0,4.0,2.0,Yes,C,261407.67569813455
1118.0,5.0,1.0,Yes,B,182858.84707331992
597.0,3.0,3.0,No,A,153259.01216596353
686.0,2.0,3.0,Yes,A,159073.62399459965
,,,,,236356.74809791468
1629.0,3.0,3.0,No,B,241298.2694488478
1047.0,3.0,2.0,No,B,185479.16807009873
1819.0,5.0,2.0,Yes,A,283553.6609303157
669.0,3.0,1.0,Yes,A,153766.63664253172
1466.0,2.0,3.0,Yes,A,213572.57276763732
894.0,2.0,2.0,No,B,173463.04829651525
1174.0,1.0,1.0,Yes,A,178784.46662064805
1523.0,2.0,1.0,Yes,A,218878.10299539464
1069.0,3.0,2.0,No,C,190947.1236565056
1307.0,2.0,3.0,No,A,206890.42529583885
2003.0,5.0,1.0,Yes,A,293267.00632108306
1211.0,1.0,3.0,No,B,211339.62271769808
1917.0,3.0,3.0,No,B,292312.84277535236
935.0,1.0,3.0,Yes,C,151060.8521173472
1764.0,3.0,1.0,No,A,246103.4273127157
2220.0,5.0,3.0,No,C,298647.6941519224
264.0,1.0,1.0,Yes,B,80747.19938056658
1101.0,4.0,3.0,No,C,177125.01128870342
1788.0,3.0,1.0,Yes,B,255302.66634639486
1398.0,4.0,3.0,Yes,C,232993.09635580174
1685.0,1.0,2.0,No,C,233173.98893443233
,,,,,202888.51889449699
1543.0,4.0,3.0,No,C,248440.3162435367
1422.0,1.0,1.0,Yes,A,194085.77928628903
2083.0,5.0,1.0,No,A,279505.3788523267
1627.0,4.0,3.0,Yes,A,241675.8379806529
1668.0,4.0,2.0,No,A,248761.5906926135
1294.0,5.0,2.0,No,C,212576.92430467237
1256.0,4.0,1.0,No,B,198757.6198153633
1283.0,4.0,2.0,Yes,B,217518.08740018733
1697.0,4.0,3.0,No,B,270332.966048595
1289.0,2.0,1.0,No,C,210404.80784895885
1644.0,5.0,3.0,Yes,A,261001.36977968292
2537.0,4.0,1.0,Yes,B,334175.8910256277
1935.0,5.0,1.0,No,C,277388.4635713091
1336.0,3.0,1.0,No,A,188858.14301186096
2100.0,3.0,1.0,No,B,278303.02944028913
1295.0,4.0,2.0,Yes,A,209849.01777259336
480.0,5.0,3.0,Yes,B,138891.8717423039
995.0,5.0,3.0,Yes,B,195090.60671381163
564.0,5.0,3.0,Yes,B,150205.19446785672
1324.0,2.0,1.0,No,A,189536.73236074942
1509.0,3.0,2.0,Yes,C,228389.74046152947
2338.0,5.0,3.0,Yes,A,323409.4960291497
1663.0,5.0,2.0,Yes,B,229107.57273083107
1390.0,2.0,1.0,No,A,192029.31079689536
1914.0,2.0,3.0,No,C,273289.14325813076
394.0,5.0,2.0,Yes,A,139318.9131415411
1617.0,1.0,1.0,Yes,C,199427.96742321734
1885.0,5.0,2.0,No,C,268796.0836624634
760.0,5.0,3.0,No,A,176314.53833994758
2071.0,2.0,3.0,No,B,296881.95463753166
1669.0,2.0,1.0,No,C,229698.86438423983
1292.0,5.0,1.0,No,A,204372.17641578932
1816.0,5.0,1.0,No,C,275797.10749890195
2635.0,5.0,2.0,No,B,360460.9270599857
,,,,,241586.18398076016
1624.0,5.0,2.0,Yes,A,246719.35997509255
1270.0,5.0,1.0,Yes,A,220136.94237683679
1075.0,4.0,3.0,Yes,B,179049.3126713629
1915.0,1.0,3.0,Yes,C,278812.30091659015
1071.0,3.0,2.0,Yes,A,185434.6784655811
1535.0,1.0,2.0,Yes,C,223789.34191247815
1261.0,4.0,3.0,No,C,207647.47341922522
1739.0,3.0,3.0,No,B,241759.73651891848
1666.0,5.0,2.0,Yes,A,256677.04147791732
2018.0,4.0,2.0,Yes,C,291313.94549591397
1244.0,5.0,3.0,No,A,227426.92384818764
1365.0,2.0,1.0,No,A,209447.78595824586
1010.0,4.0,2.0,No,B,188681.61695053458
1277.0,2.0,3.0,Yes,A,199462.1356380704
1688.0,4.0,3.0,No,A,267474.76072520035
1878.0,4.0,3.0,Yes,C,268443.77652524674
,,,,,195870.64236065134
1934.0,3.0,1.0,No,A,264560.1813119383
2177.0,1.0,3.0,No,C,293192.90780134517
1706.0,5.0,2.0,Yes,B,268259.26618305105
2438.0,4.0,1.0,No,B,330814.6862553414
1113.0,5.0,3.0,No,C,215006.38678950138
877.0,2.0,1.0,Yes,C,146495.4215044433
610.0,5.0,2.0,No,C,157626.6955043855
2248.0,2.0,3.0,Yes,C,297652.1039002955
1827.0,5.0,2.0,Yes,C,279579.0140172766
1472.0,1.0,3.0,No,A,208948.36803937735
1639.0,1.0,3.0,Yes,A,238963.19938061637
937.0,1.0,3.0,Yes,B,161491.0886049433
2722.0,1.0,3.0,No,A,356899.3565244803
1564.0,1.0,3.0,No,A,243551.66774089015
1554.0,1.0,1.0,No,A,219389.96513791932
1862.0,2.0,3.0,Yes,C,268861.09143937886
1740.0,4.0,3.0,Yes,B,272041.7712248114
1611.0,5.0,1.0,No,B,254311.14879949117
1104.0,1.0,1.0,Yes,B,172773.1117466216
,,,,,235503.2467505202
2441.0,2.0,1.0,No,A,317572.6748644049
2172.0,2.0,1.0,Yes,A,265612.7262890633
2296.0,4.0,1.0,No,C,315696.51539558824
1244.0,5.0,3.0,Yes,B,213298.13050558287
,,,,,189097.72133727552
1437.0,3.0,2.0,No,A,231860.5132311831
1527.0,2.0,3.0,Yes,C,229544.9048361031
2047.0,3.0,3.0,No,C,297174.08878574806
653.0,1.0,1.0,Yes,C,138689.08754074413
2264.0,1.0,1.0,Yes,A,289500.33090047503
1420.0,4.0,3.0,Yes,A,236114.48155824712
1286.0,5.0,2.0,No,C,216405.6412605628
993.0,3.0,1.0,Yes,B,172455.9799706372
672.0,5.0,3.0,No,C,152035.95220049968
,,,,,279162.61913441925
1536.0,1.0,2.0,Yes,C,209717.9439301748
855.0,5.0,2.0,No,C,165512.32775472602
852.0,5.0,1.0,No,A,147170.50979327838
1332.0,1.0,2.0,No,B,204839.28153504888
2334.0,3.0,3.0,No,C,336316.02165377414
1370.0,1.0,3.0,No,B,208438.9426485943
748.0,5.0,2.0,Yes,B,173451.3359057238
1377.0,3.0,2.0,Yes,B,227956.92816016916
1363.0,3.0,2.0,No,C,203308.6276565173
151.0,1.0,2.0,Yes,A,74262.06082309179
1472.0,5.0,1.0,Yes,C,239107.98088352208
1384.0,4.0,2.0,Yes,B,221476.58637008147
1848.0,5.0,1.0,No,B,253892.11133849408
2424.0,2.0,3.0,Yes,A,317031.40413071396
2063.0,4.0,2.0,Yes,C,294496.60244812066
1365.0,3.0,1.0,Yes,B,200560.63325895165
946.0,4.0,2.0,No,A,150854.63134565606
2786.0,3.0,3.0,Yes,B,361379.86822792166
1529.0,3.0,3.0,Yes,A,236490.06806144805
1506.0,4.0,3.0,No,A,241692.26434144328
1487.0,3.0,2.0,No,C,240288.8337328953
1599.0,3.0,2.0,Yes,B,239435.22797899044
1427.0,2.0,1.0,Yes,C,212129.37354425708
,,,,,227855.3697364942
1226.0,5.0,2.0,No,C,211703.4401583576
1483.0,2.0,3.0,No,B,250665.20745290103
1228.0,4.0,3.0,No,C,201162.91706021
1143.0,1.0,1.0,No,A,166958.52286892157
1553.0,1.0,1.0,No,B,223439.58408270814
1372.0,1.0,1.0,No,B,211743.1353293864
2251.0,2.0,1.0,Yes,A,290092.05003131373
174.0,2.0,3.0,No,C,88293.78829210595
2045.0,3.0,1.0,No,B,294109.89585225354
2123.0,1.0,1.0,Yes,B,266376.3110519569
463.0,4.0,1.0,No,C,126690.54451132979
1328.0,4.0,1.0,No,A,222941.51811347785
1314.0,1.0,3.0,Yes,C,202983.94776578978
796.0,1.0,1.0,No,C,135378.72162743285
1111.0,1.0,3.0,Yes,C,181563.12257970337
944.0,2.0,2.0,Yes,B,177415.51256574766
2376.0,2.0,3.0,Yes,A,329201.4770520266
,,,,,278037.2539176213
2135.0,5.0,1.0,No,C,314330.82253069733
1860.0,4.0,2.0,Yes,B,270319.6655927013
935.0,4.0,2.0,Yes,C,190423.33214168166
1237.0,3.0,2.0,No,B,198379.9839574906
1744.0,2.0,2.0,Yes,B,271737.56533705565
888.0,5.0,3.0,Yes,B,200501.31415579712
1856.0,5.0,2.0,Yes,B,273320.25364471483
1379.0,4.0,3.0,Yes,A,243245.40208717002
,,,,,226039.8049117202
1855.0,3.0,3.0,Yes,B,287030.4107629265
1722.0,2.0,2.0,No,C,221380.13664279695
1319.0,1.0,1.0,No,C,201093.51449290835
2079.0,2.0,1.0,Yes,A,280322.9876930574
959.0,1.0,2.0,Yes,C,169610.73280943453
1807.0,1.0,1.0,Yes,B,244883.46433397898
1796.0,3.0,1.0,Yes,C,254078.11279514525
1345.0,4.0,3.0,No,A,238331.4030529808
1663.0,2.0,3.0,No,C,252694.73373693373
874.0,1.0,2.0,No,C,158569.06443732363
1962.0,2.0,2.0,Yes,A,281593.8101483562
1407.0,4.0,1.0,No,A,221880.26178411872
1238.0,4.0,3.0,Yes,B,219935.6842735338
2024.0,5.0,2.0,Yes,C,310070.3710881123
1147.0,4.0,2.0,Yes,B,194355.19287450353
795.0,3.0,2.0,Yes,C,143342.89661598759
721.0,1.0,2.0,Yes,C,141823.63510990798
1803.0,5.0,2.0,No,B,271445.4334495696
859.0,3.0,2.0,No,C,172115.2902945719
2377.0,2.0,1.0,Yes,C,305773.1591466196
459.0,1.0,3.0,No,C,129451.1924397256
2348.0,4.0,3.0,Yes,A,350846.1668027157
1605.0,1.0,2.0,Yes,B,237515.1431887701
1451.0,2.0,3.0,Yes,A,235873.15301051468
1227.0,5.0,3.0,No,B,217404.68592277565
1699.0,5.0,3.0,Yes,B,252047.42910492697
1481.0,5.0,2.0,Yes,C,214118.88412870254
2051.0,4.0,2.0,No,B,283913.1941786428
1557.0,3.0,3.0,No,A,215896.2834403488
1575.0,3.0,3.0,No,A,248635.49025019273
1318.0,1.0,2.0,Yes,A,196971.83015575146
1471.0,4.0,1.0,Yes,B,210966.25133524757
1653.0,5.0,3.0,No,A,262608.74119948625
644.0,5.0,1.0,Yes,B,139013.67806358196
825.0,2.0,3.0,No,A,168007.76253650768
1871.0,2.0,1.0,No,A,261176.26329822504
1585.0,5.0,1.0,Yes,B,233481.6583701156
1408.0,5.0,1.0,Yes,A,220427.18818909675
1509.0,4.0,2.0,No,C,237048.9575383822
1673.0,3.0,1.0,No,B,225229.57786457575
1230.0,2.0,1.0,No,B,192148.07522877015
1110.0,3.0,1.0,No,B,168689.81351920604
1597.0,4.0,3.0,Yes,C,256357.1697955287
1010.0,5.0,1.0,No,B,178648.36337371802
1704.0,3.0,3.0,No,A,242034.57265955766
648.0,5.0,1.0,No,A,141000.26400859177
2014.0,5.0,1.0,Yes,A,278023.2541880656
1736.0,1.0,2.0,Yes,B,253285.20883386943
1628.0,3.0,3.0,No,A,250533.04699285794
,,,,,261537.22542434867
2332.0,5.0,3.0,Yes,A,345690.66287200485
2007.0,4.0,3.0,Yes,C,297964.90401510557
,,,,,123536.77631420338
860.0,5.0,2.0,No,C,159461.65814304978
1187.0,2.0,2.0,Yes,C,188454.06420519805
1513.0,2.0,2.0,No,B,223094.8691534233
1758.0,1.0,2.0,No,A,248490.32331450254
1137.0,4.0,2.0,Yes,C,203772.56509659655
1593.0,5.0,2.0,Yes,B,256365.82095410736
1122.0,3.0,2.0,No,C,175085.32569161453
1194.0,1.0,1.0,Yes,C,183485.0482116324
796.0,4.0,3.0,No,B,169003.84174751787
1038.0,3.0,2.0,No,B,209579.77276169878
824.0,2.0,2.0,Yes,A,157046.9443909637
1012.0,2.0,3.0,No,A,175973.4680153863
2026.0,3.0,1.0,No,C,275703.6885671691
1025.0,1.0,3.0,Yes,C,178414.31711989234
2816.0,2.0,3.0,Yes,A,342709.60692848987
1746.0,5.0,2.0,Yes,A,267683.0446341784
1592.0,3.0,3.0,No,B,242094.41909321418
1070.0,3.0,3.0,Yes,A,192733.08784839482
1850.0,2.0,2.0,Yes,A,250264.31466109442
1212.0,1.0,2.0,Yes,C,179260.85769787765
,,,,,253888.82334075644
2780.0,1.0,2.0,No,C,358084.5665644282
1451.0,4.0,3.0,No,A,240280.98605437236
2074.0,4.0,3.0,Yes,B,280292.02399440366
1148.0,2.0,1.0,No,A,186630.63359261325
1482.0,2.0,1.0,Yes,A,197240.63448663315
2385.0,2.0,3.0,Yes,A,312888.2436517173
1186.0,4.0,1.0,No,C,204255.58448757243
2406.0,1.0,3.0,No,B,323175.9848170449
1853.0,1.0,1.0,Yes,A,251869.6736453347
1218.0,2.0,2.0,Yes,C,208929.02653919783
1816.0,5.0,1.0,No,B,269200.1514740793
1986.0,1.0,2.0,Yes,C,247409.8077495912
1810.0,4.0,2.0,No,C,261304.6915374364
714.0,3.0,2.0,Yes,B,149983.9154226894
1136.0,3.0,2.0,Yes,A,191012.58273230627
1376.0,3.0,1.0,No,C,203428.6482489761
1462.0,5.0,3.0,No,C,231898.43866536405
1810.0,2.0,2.0,No,A,279007.4496945932
1588.0,4.0,1.0,No,A,231912.55174794217
832.0,5.0,2.0,No,B,195716.02053374454
1690.0,4.0,1.0,No,B,234587.09595243947
1805.0,4.0,1.0,No,B,264070.6006875901
1779.0,2.0,1.0,Yes,A,247196.4141638987
2040.0,3.0,3.0,Yes,C,280780.5047293494
1916.0,2.0,1.0,Yes,C,253924.42890179317
1729.0,5.0,1.0,No,B,254748.6993063903
1464.0,5.0,3.0,No,A,233958.83382833874
669.0,5.0,3.0,No,C,160338.59405964572
1714.0,2.0,1.0,Yes,B,214750.97574609384
1603.0,4.0,3.0,No,C,258415.1599026874
1635.0,4.0,2.0,No,C,259771.51674122794
861.0,1.0,2.0,Yes,A,159643.6370749866
959.0,5.0,3.0,No,A,214542.5812793778
2026.0,4.0,3.0,Yes,C,300420.96227599896
1480.0,1.0,1.0,Yes,B,221428.0963877756
1840.0,4.0,3.0,No,A,287383.6283251011
1514.0,5.0,1.0,No,C,205889.86643414365
1514.0,3.0,2.0,No,A,234636.73198749564
1969.0,5.0,3.0,Yes,A,279070.6504968322
1241.0,2.0,1.0,Yes,A,179290.96548429196
1548.0,4.0,1.0,Yes,C,221730.26728198084
1268.0,4.0,2.0,No,B,207672.84199982623
1282.0,2.0,3.0,No,B,215704.59960737696
1345.0,2.0,2.0,No,B,212839.89825006705
1611.0,3.0,1.0,No,A,232974.18617182403
1260.0,4.0,1.0,Yes,C,210226.8344120596
2127.0,4.0,3.0,Yes,A,311534.86321592104
1052.0,3.0,1.0,Yes,B,181626.24189233346
1406.0,1.0,3.0,Yes,B,199354.95213925216
,,,,,199606.67210643276
2223.0,5.0,3.0,No,A,318563.2783394265
1598.0,4.0,3.0,No,B,258134.52883141083
2015.0,2.0,1.0,Yes,C,255214.20342276013
757.0,5.0,1.0,Yes,A,157586.5481022472
1633.0,4.0,3.0,No,A,238643.75543610548
1944.0,3.0,1.0,No,B,276659.1798571928
1541.0,5.0,1.0,Yes,B,238523.47278364724
2032.0,4.0,1.0,No,A,266738.6396404406
1241.0,1.0,3.0,Yes,A,186572.71462195707
2204.0,1.0,1.0,Yes,B,286274.3187158426
2649.0,2.0,3.0,Yes,A,359647.98914563167
1318.0,4.0,1.0,No,B,197832.14162550654
1277.0,1.0,2.0,No,A,204566.04108616078
2226.0,3.0,1.0,Yes,B,289177.6228197217
2289.0,4.0,1.0,No,C,314131.9410269289
1238.0,3.0,3.0,Yes,B,216631.90910365313
1289.0,3.0,3.0,Yes,B,216452.9984148244
1359.0,1.0,1.0,Yes,C,179556.08693719417
827.0,4.0,2.0,Yes,A,173511.85650124113
1040.0,5.0,1.0,No,C,191020.19270996866
997.0,1.0,1.0,Yes,B,165804.29753194502
1116.0,1.0,2.0,Yes,A,182556.74063230978
1482.0,4.0,3.0,No,C,230412.1311166789
1617.0,4.0,1.0,Yes,A,249529.62771019113
2275.0,3.0,3.0,Yes,A,322481.39720816637
,,,,,180245.77223155336
1992.0,3.0,2.0,No,A,291342.95010517753
1393.0,1.0,2.0,No,C,209616.69434635388
1475.0,2.0,3.0,Yes,B,229791.36953145172
1837.0,5.0,1.0,No,A,263936.44663581316
938.0,1.0,3.0,No,B,169020.06603414944
1691.0,4.0,1.0,Yes,B,259808.9918830977
1583.0,5.0,1.0,Yes,A,250630.74984598515
1746.0,2.0,2.0,Yes,C,258718.47083639415
1644.0,2.0,1.0,Yes,A,233245.64352545378
2727.0,3.0,1.0,Yes,B,353591.71723534394
1181.0,5.0,3.0,No,B,205756.86925959427
1234.0,3.0,2.0,No,C,208234.42978498066
1188.0,1.0,1.0,No,A,179265.11968031034
1222.0,5.0,1.0,Yes,B,183601.95012591677
1181.0,1.0,2.0,Yes,B,171238.98341178035
2094.0,3.0,3.0,Yes,B,288770.2121991078
2210.0,5.0,2.0,No,C,314151.5398434871
1214.0,3.0,2.0,No,B,193779.2021166603
1083.0,5.0,1.0,Yes,B,184388.8326261529
1735.0,3.0,1.0,No,A,253132.60921874843
1223.0,2.0,3.0,Yes,A,197749.87880550313
,,,,,266908.0724203441
1601.0,2.0,1.0,No,B,238751.23739820134
742.0,3.0,2.0,No,A,153418.81320571317
2273.0,5.0,1.0,Yes,C,316834.6145165833
2397.0,5.0,3.0,No,C,341872.40454356384
1193.0,5.0,2.0,No,C,205843.34724040597
1306.0,4.0,3.0,Yes,C,230216.34662972146
1642.0,1.0,2.0,No,C,243289.02055390528
1667.0,5.0,1.0,Yes,C,239175.647692096
1829.0,2.0,2.0,Yes,C,258435.4863832074
2505.0,5.0,2.0,Yes,C,340925.0382257617
1411.0,4.0,1.0,Yes,A,226596.19467450705
1100.0,2.0,1.0,Yes,C,172561.41649550662
810.0,4.0,3.0,No,C,166022.3966722357
1134.0,2.0,3.0,Yes,C,196089.99660311153
1483.0,3.0,1.0,Yes,B,232113.59223253574
2397.0,1.0,1.0,Yes,A,289706.2288459007
1241.0,1.0,1.0,Yes,A,175851.93846662872
1611.0,4.0,2.0,No,A,239894.95092029413
1491.0,1.0,2.0,Yes,C,214674.22927918448
2094.0,4.0,2.0,No,C,275744.17197562486
2763.0,4.0,1.0,Yes,B,368281.9528691515
1234.0,4.0,3.0,No,A,213096.93408650887
1255.0,1.0,1.0,Yes,C,184698.9547582003
,,,,,302426.3753803542
1840.0,1.0,2.0,No,B,260177.93495123813
2423.0,4.0,1.0,Yes,B,313945.7812266665
1791.0,5.0,1.0,No,B,262746.07845308154
1320.0,4.0,2.0,Yes,A,215582.6286762352
1795.0,2.0,2.0,No,C,267983.5085692928
2054.0,4.0,2.0,Yes,C,287725.75798316405
1910.0,3.0,1.0,Yes,B,248579.4045814179
1753.0,4.0,2.0,No,C,240527.75893194706
2033.0,2.0,2.0,Yes,B,292051.6134740669
2084.0,2.0,3.0,Yes,A,281513.8530223737
2191.0,1.0,1.0,Yes,B,287802.1165563331
1824.0,5.0,3.0,Yes,A,279117.6343071505
1416.0,4.0,3.0,Yes,B,228433.45212121741
1573.0,1.0,2.0,Yes,C,223701.52582996874
2103.0,5.0,1.0,No,C,308133.7788152953
,,,,,178619.36571356875
1684.0,3.0,1.0,No,C,236535.44769244074
,,,,,230365.65760683702
,,,,,205568.54991553744
2139.0,2.0,2.0,Yes,A,301072.82807777583
1595.0,3.0,2.0,Yes,C,247422.49715753624
1523.0,1.0,2.0,Yes,A,224017.95685132337
820.0,5.0,1.0,Yes,B,158968.4309572573
1873.0,4.0,3.0,No,C,264184.33844816044
1822.0,2.0,3.0,Yes,C,270270.4589413407
2581.0,1.0,1.0,No,C,347586.44934483885
1346.0,3.0,2.0,Yes,B,215058.92535916858
1609.0,2.0,3.0,No,A,223639.545892681
1624.0,3.0,2.0,No,A,245975.16490126748
2288.0,4.0,1.0,No,C,314402.629714012
1452.0,5.0,2.0,No,B,225021.47568104064
1639.0,2.0,3.0,No,B,238444.88073910604
1803.0,2.0,3.0,No,B,253826.2177125371
1593.0,4.0,2.0,Yes,B,237986.36133136312
1276.0,1.0,1.0,No,B,187878.36885721955
1597.0,5.0,2.0,Yes,A,240090.98891506498
2036.0,2.0,1.0,No,A,258241.62258647775
986.0,5.0,2.0,Yes,A,189343.75385675018
1566.0,2.0,3.0,No,C,235773.379601363
1149.0,5.0,1.0,No,B,192537.58229883184
,,,,,282531.8971672151
738.0,2.0,1.0,No,B,125598.24294441556
1220.0,5.0,3.0,No,A,220632.0292299676
1688.0,1.0,2.0,No,C,233643.11799710436
2282.0,3.0,3.0,Yes,A,316594.8946811278
1467.0,3.0,1.0,No,B,222696.49105418968
1222.0,1.0,2.0,Yes,B,202511.51278286177
2440.0,5.0,3.0,No,B,341029.5441698891
775.0,4.0,1.0,No,A,165167.18830054326
400.0,1.0,1.0,Yes,B,98780.8685886991
1720.0,5.0,3.0,No,A,265258.22486635577
1248.0,1.0,3.0,No,C,199890.71827176324
989.0,1.0,3.0,Yes,B,182641.24900678213
1854.0,2.0,1.0,No,B,258709.59077022914
,,,,,259450.71879861795
1217.0,4.0,1.0,Yes,C,186422.64658395477
859.0,2.0,3.0,Yes,B,173030.59175766326
1936.0,1.0,1.0,No,A,246985.95365217028
1825.0,1.0,1.0,Yes,A,235341.0260620028
1450.0,1.0,2.0,Yes,B,202615.14910062318
2423.0,5.0,3.0,No,B,337468.31289197964
964.0,5.0,3.0,Yes,C,204517.24298470689
737.0,2.0,1.0,No,C,131046.39455619786
,,,,,209185.75953174088
1477.0,2.0,1.0,No,B,223798.10222453572
1621.0,3.0,2.0,No,C,226453.97936749377
1379.0,1.0,2.0,Yes,C,203072.24817821677
1676.0,1.0,1.0,Yes,A,219197.49733009195
874.0,1.0,3.0,Yes,C,170049.55457735716
2221.0,2.0,3.0,Yes,A,293218.36652329593
1458.0,2.0,2.0,Yes,A,203588.8052294382
2058.0,1.0,2.0,No,C,271542.7422326291
1671.0,2.0,1.0,Yes,A,245793.94073696257
1728.0,5.0,3.0,Yes,B,266874.8377615745
1784.0,5.0,1.0,Yes,B,264384.43863356684
1723.0,2.0,2.0,No,C,250672.3109754704
1821.0,1.0,3.0,No,B,242977.24407258927
2164.0,2.0,3.0,Yes,A,288406.2587284535
1598.0,2.0,2.0,No,B,233864.64187197597
1854.0,2.0,1.0,Yes,C,246826.4501634461
1455.0,3.0,1.0,Yes,C,234544.54550394157
2220.0,5.0,3.0,No,A,305716.7760491911
1161.0,4.0,2.0,No,C,191007.3989676715
2400.0,4.0,3.0,Yes,B,333905.44259479747
1479.0,3.0,2.0,Yes,C,220621.0666221671
784.0,2.0,1.0,No,A,116481.67401049793
1564.0,3.0,2.0,Yes,C,254746.81229413816
1159.0,3.0,1.0,No,B,177156.94613773513
1920.0,1.0,2.0,Yes,A,266608.92722681805
,,,,,200766.08828775847
,,,,,195969.6509291701
555.0,2.0,3.0,Yes,C,120270.66997318761
1273.0,4.0,3.0,No,A,210888.0659973692
288.0,4.0,1.0,Yes,A,99357.1818255145
708.0,5.0,1.0,Yes,C,151474.34322655102
1880.0,4.0,3.0,No,B,275274.3115762355
1892.0,4.0,3.0,Yes,C,265784.8017303617
1712.0,3.0,3.0,Yes,A,251961.00171656074
1016.0,5.0,3.0,Yes,C,212070.10666774807
1476.0,1.0,1.0,No,A,222883.90545411812
1498.0,2.0,1.0,No,C,221356.8702891469
920.0,4.0,3.0,No,C,189630.99246740172
,,,,,319708.22801135347
1938.0,1.0,2.0,Yes,A,268512.476595885
1389.0,2.0,1.0,Yes,B,212341.89860537552
1513.0,1.0,3.0,Yes,A,211654.16973886458
1604.0,3.0,3.0,No,C,235273.69438761863
479.0,4.0,1.0,Yes,A,124573.09682998798
1376.0,1.0,2.0,Yes,B,198525.57774925753
1159.0,2.0,2.0,Yes,B,179920.4471297683
999.0,4.0,2.0,No,B,175075.4095176775
1359.0,3.0,1.0,Yes,A,193664.29357818872
2398.0,4.0,2.0,Yes,B,315886.1551391795
1820.0,1.0,1.0,Yes,B,247394.355548109
1214.0,3.0,1.0,Yes,B,211363.23926484684
1786.0,2.0,3.0,Yes,C,267569.8218271362
